year,player,team_pos,direction,quote,source
2026,Travis Hunter,JAX WR/CB,positive,"“Maybe most impressive practice of his career” — two deep catches and an INT; snaps lean corner, 34–22 through four days","Michael DiRocco’s 11-on-11 snap tracker · ESPN, via X"
2026,Travis Hunter,JAX WR/CB,positive,"“Today … at Jags practice … is: Travis Hunter day! … But, wow.”","Frank Frangie, voice of the Jaguars, from the sideline · X"
2026,Blake Corum,LAR RB,positive,“a big part of the offense”,2026 Fantasy Football Stock Report: Training Camp · WalterFootball
2026,Ricky Pearsall,SF WR,negative,“PCL complications may require surgery”,2026 Fantasy Football Stock Report: Training Camp · WalterFootball
2026,Jadarian Price,SEA RB,positive,“catching plenty of passes”,2026 Fantasy Football Stock Report: Training Camp · WalterFootball
2026,Cyrus Allen,KC WR,positive,“Most impressive receiver in Chiefs camp thus far”,2026 Fantasy Football Stock Report: Training Camp · WalterFootball
2026,Jeremiyah Love,ARI RB,negative,“Tyler Allgeier received first reps”,2026 Fantasy Football Stock Report: Training Camp · WalterFootball
2026,Chris Brazzell II,CAR WR,negative,“out up to eight weeks”,2026 Fantasy Football Stock Report: Training Camp · WalterFootball
2026,Kyler Murray,MIN QB,negative,“mix of impressive flashes and avoidable errors”,2 key Vikings struggling early during 2026 NFL training camp · ClutchPoints
2026,Kobe Prentice,NE WR,negative,“Physical press coverage has repeatedly disrupted his routes”,2 key Patriots struggling early during 2026 NFL training camp · ClutchPoints
2026,Zachariah Branch,ATL WR,positive,“Nightmare for opposing cornerbacks in training camp”,2026 Fantasy Football Stock Report: Training Camp · WalterFootball
2026,Quinshon Judkins,CLE RB,positive,“all three downs”,2026 Fantasy Football Stock Report: Training Camp · WalterFootball
2026,Kaelon Black,SF RB,positive,“Now No. 2 back behind McCaffrey due to injuries ahead”,2026 Fantasy Football Stock Report: Training Camp · WalterFootball
2026,Kayshon Boutte,NE WR,positive,“Best receiver in New England training camp”,2026 Fantasy Football Stock Report: Training Camp · WalterFootball
2026,Marvin Harrison Jr.,ARI WR,negative,“Struggling with drops; running with backups”,2026 Fantasy Football Stock Report: Training Camp · WalterFootball
2026,Luther Burden,CHI WR,positive,“buy stock in Luther Burden”,2026 Fantasy Football Stock Report: Training Camp · WalterFootball
2026,Jaylin Noel,HOU WR,positive,“Consistently making plays”,2026 Fantasy Football Stock Report: Training Camp · WalterFootball
2026,Bhayshul Tuten,JAX RB,positive,“Picking up steam”,2026 Fantasy Football Stock Report: Training Camp · WalterFootball
2026,TreVeyon Henderson,NE RB,positive,“Worked on blocking; improved trust with team expected”,2026 Fantasy Football Stock Report: Training Camp · WalterFootball
2026,Chris Brooks,GB RB,positive,“Opportunity arises from Jacobs legal issues”,2026 Fantasy Football Stock Report: Training Camp · WalterFootball
2026,MarShawn Lloyd,GB RB,positive,“Ceiling play if Jacobs sidelined”,2026 Fantasy Football Stock Report: Training Camp · WalterFootball
2026,Harold Fannin,CLE TE,positive,“Full-go”,2026 Fantasy Football Stock Report: Training Camp · WalterFootball
2026,Omarion Hampton,LAC RB,positive,“Coach compared to Terrell Davis”,2026 Fantasy Football Stock Report: Training Camp · WalterFootball
2026,Cam Ward,TEN QB,negative,“Highly inaccurate”,2026 Fantasy Football Stock Report: Training Camp · WalterFootball
2026,Malik Willis,MIA QB,negative,“Needs the most work”,2026 Fantasy Football Stock Report: Training Camp · WalterFootball
2026,Malik Nabers,NYG WR,negative,“pushing the envelope”,"August 1, 2026 New York Giants Training Camp Report · Big Blue Interactive"
2026,Jaxson Dart,NYG QB,positive,“beautifully lofted touch”,"August 1, 2026 New York Giants Training Camp Report · Big Blue Interactive"
2026,Jameis Winston,NYG QB,positive,“18-yard TD pass to Odell Beckham Jr.”,"August 1, 2026 New York Giants Training Camp Report · Big Blue Interactive"
2026,Theo Johnson,NYG TE,positive,“long TD reception from Dart”,"August 1, 2026 New York Giants Training Camp Report · Big Blue Interactive"
2026,Odell Beckham Jr.,NYG WR,positive,“18-yard TD catch in back of end zone”,"August 1, 2026 New York Giants Training Camp Report · Big Blue Interactive"
2026,Malachi Fields,NYG WR,positive,“received first-team snaps”,"August 1, 2026 New York Giants Training Camp Report · Big Blue Interactive"
2026,Isaiah Likely,NYG TE,positive,“caught four of six targets in team drills”,"August 1, 2026 New York Giants Training Camp Report · Big Blue Interactive"
2026,Cole Kmet,CHI TE,positive,“understanding how you fit”,"Bears training camp report: Saturday, Aug. 1 · ChicagoBears.com"
2026,Andrei Iosivas,CIN WR,positive,“He looks great... fast and explosive”,Five Observations from Day 4 of Bengals Training Camp · Bengals.com
2026,Dontayvion Wicks,PHI WR,positive,“off to a nice start”,Eagles training camp observations: Jalen Carter and defense dominate · NBC Sports Philadelphia
2026,Johnny Wilson,PHI TE,negative,“rip the ball out of his hands”,Eagles training camp observations: Jalen Carter and defense dominate · NBC Sports Philadelphia
2026,Parker Washington,JAX WR,positive,“one of the stars of the early stages of training camp”,Fantasy Stock Watch: Training Camp Edition · Footballguys
2026,Parker Washington,JAX WR,positive,“ready to kill”,"2026 Fantasy Football Rankings: Stock Up, Stock Down (July 31) · Wolf Sports"
2026,Isaiah Likely,NYG TE,positive,“being targeted on the regular by his new quarterback”,Fantasy Stock Watch: Training Camp Edition · Footballguys
2026,Blake Corum,LAR RB,positive,“stud”,"2026 Fantasy Football Rankings: Stock Up, Stock Down (July 31) · Wolf Sports"
2026,Zach Charbonnet,SEA RB,positive,“close call”,"2026 Fantasy Football Rankings: Stock Up, Stock Down (July 31) · Wolf Sports"
2026,Braelon Allen,NYJ RB,positive,"“Bulked to 250 lbs, impressed in camp”","2026 Fantasy Football Rankings: Stock Up, Stock Down (July 31) · Wolf Sports"
2026,Quentin Johnston,LAC WR,positive,“too low”,"2026 Fantasy Football Rankings: Stock Up, Stock Down (July 31) · Wolf Sports"
2026,Cooper Kupp,SEA WR,positive,“looked great”,"2026 Fantasy Football Rankings: Stock Up, Stock Down (July 31) · Wolf Sports"
2026,Rashod Bateman,BAL WR,positive,“shown flashes of being a real problem”,"2026 Fantasy Football Rankings: Stock Up, Stock Down (July 31) · Wolf Sports"
2026,Malik Washington,MIA WR,positive,“do-it-all weapon”,"2026 Fantasy Football Rankings: Stock Up, Stock Down (July 31) · Wolf Sports"
2026,Brian Thomas Jr.,JAX WR,negative,“longshot”,"2026 Fantasy Football Rankings: Stock Up, Stock Down (July 31) · Wolf Sports"
2026,Ricky Pearsall,SF WR,negative,“still a mystery”,"2026 Fantasy Football Rankings: Stock Up, Stock Down (July 31) · Wolf Sports"
2026,Noah Thomas,CIN WR,positive,"“That's an explosive, and that's what we need. That's another Tee Higgins.”",Bengals UDFA turning heads at training camp with Ja'Marr Chase praise · Bengals Wire (USA Today) via Yahoo Sports
2026,Josh Jacobs,GB RB,positive,“suspension this year now looking more unlikely”,"2026 Fantasy Football Rankings: Stock Up, Stock Down (July 31) · Wolf Sports"
2026,Zay Flowers,BAL WR,positive,“getting the ball in as many ways as possible”,"2026 Fantasy Football Rankings: Stock Up, Stock Down (July 31) · Wolf Sports"
2026,Courtland Sutton,DEN WR,positive,“favorable coverage”,"2026 Fantasy Football Rankings: Stock Up, Stock Down (July 31) · Wolf Sports"
2026,Rome Odunze,CHI WR,positive,“foot injury... a thing of the past”,"2026 Fantasy Football Rankings: Stock Up, Stock Down (July 31) · Wolf Sports"
2026,Jakobi Meyers,JAX WR,positive,“solid FLEX”,"2026 Fantasy Football Rankings: Stock Up, Stock Down (July 31) · Wolf Sports"
2026,Deebo Samuel Sr.,SF WR,positive,“shoots way up the rankings”,"2026 Fantasy Football Rankings: Stock Up, Stock Down (July 31) · Wolf Sports"
2026,Keenan Allen,WR,positive,“top free agents available at wide receiver”,"2026 Fantasy Football Rankings: Stock Up, Stock Down (July 31) · Wolf Sports"
2026,De'Zhaun Stribling,SF WR,positive,“clearer path to Year 1 value”,"2026 Fantasy Football Rankings: Stock Up, Stock Down (July 31) · Wolf Sports"
2026,Brock Purdy,SF QB,negative,“severe concussion”,"2026 Fantasy Football Rankings: Stock Up, Stock Down (July 31) · Wolf Sports"
2026,Treylon Burks,WAS WR,positive,“looked sharp on Wednesday”,3 standouts from Week 1 of Commanders training camp · Commanders.com
2026,Christian Watson,GB WR,positive,“hit the ground running in Week 1”,5 things learned at Packers training camp - July 31 · Packers.com
2026,Tucker Kraft,GB TE,positive,“looks spectacular”,5 things learned at Packers training camp - July 31 · Packers.com
2026,Matthew Golden,GB WR,positive,“off to a strong start in camp”,5 things learned at Packers training camp - July 31 · Packers.com
2026,Tua Tagovailoa,ATL QB,positive,“I feel great right now”,"2026 NFL Training Camp Live Updates, Rumors and Highlights from Friday · Bleacher Report"
2026,Michael Penix Jr.,ATL QB,negative,“still away from full return”,"2026 NFL Training Camp Live Updates, Rumors and Highlights from Friday · Bleacher Report"
2026,Chris Olave,NO WR,positive,“awesome”,"2026 NFL Training Camp Live Updates, Rumors and Highlights from Friday · Bleacher Report"
2026,Baker Mayfield,TB QB,negative,“disappointed”,"2026 NFL Training Camp Live Updates, Rumors and Highlights from Friday · Bleacher Report"
2026,J.J. McCarthy,MIN QB,positive,“winning early camp battle”,"2026 NFL Training Camp Live Updates, Rumors and Highlights from Friday · Bleacher Report"
2026,Kyler Murray,MIN QB,negative,“new to offense”,"2026 NFL Training Camp Live Updates, Rumors and Highlights from Friday · Bleacher Report"
2026,Quinshon Judkins,CLE RB,positive,“The sky is the limit”,"2026 NFL Training Camp Live Updates, Rumors and Highlights from Friday · Bleacher Report"
2026,Drake Maye,NE QB,positive,“multiple TD connections”,"2026 NFL Training Camp Live Updates, Rumors and Highlights from Friday · Bleacher Report"
2026,A.J. Brown,NE WR,positive,“connected on TDs in red-zone”,"2026 NFL Training Camp Live Updates, Rumors and Highlights from Friday · Bleacher Report"
2026,Travis Hunter,JAX WR,positive,“lighter on his feet”,"2026 NFL Training Camp Live Updates, Rumors and Highlights from Friday · Bleacher Report"
2026,Drake London,ATL WR,positive,“returning to form”,"2026 NFL Training Camp Live Updates, Rumors and Highlights from Friday · Bleacher Report"
2026,Kayshon Boutte,NE WR,positive,“contract year motivation”,"2026 NFL Training Camp Live Updates, Rumors and Highlights from Friday · Bleacher Report"
2026,Tucker Kraft,GB TE,positive,“removed from PUP list”,"2026 NFL Training Camp Live Updates, Rumors and Highlights from Friday · Bleacher Report"
2026,Jared Goff,DET QB,positive,“potential for a far better return”,Fantasy Stock Watch: Training Camp Edition · Footballguys
2026,Tony Pollard,TEN RB,positive,“a better back than he's been given credit for”,Fantasy Stock Watch: Training Camp Edition · Footballguys
2026,J.J. McCarthy,MIN QB,positive,“had a better opening week than Murray”,"2026 NFL Training Camp Live Updates, Rumors and Highlights from Friday · per Judd Zulgad · Bleacher Report"
2026,Baker Mayfield,TB QB,negative,“seeking $50M+ annually; team offered inadequate two-year deal”,"2026 NFL Training Camp Live Updates, Rumors and Highlights from Friday · per Adam Schefter (ESPN) · Bleacher Report"
2026,Quinshon Judkins,CLE RB,positive,“The sky is the limit... can play all three downs”,"2026 NFL Training Camp Live Updates, Rumors and Highlights from Friday · Bleacher Report"
2026,Drake Maye,NE QB,positive,“connected on multiple TDs in red-zone drills”,"2026 NFL Training Camp Live Updates, Rumors and Highlights from Friday · Bleacher Report"
2026,Kayshon Boutte,NE WR,positive,“'best year' motivation in contract year”,"2026 NFL Training Camp Live Updates, Rumors and Highlights from Friday · per Nicole Yang (Boston Globe) · Bleacher Report"
2026,Tucker Kraft,GB TE,positive,“removed from PUP list; practicing individually”,"2026 NFL Training Camp Live Updates, Rumors and Highlights from Friday · per Paul Bretl (Wisconsin State Journal) · Bleacher Report"
2026,DK Metcalf,PIT WR,positive,“got a little more action in the slot today”,Steelers 2026 Training Camp Diary: Day Three · per Alex Kozora (@Alex_Kozora) · Steelers Depot
2026,Germie Bernard,PIT WR,positive,“has been used a bit more on the outside”,Steelers 2026 Training Camp Diary: Day Three · per Alex Kozora (@Alex_Kozora) · Steelers Depot
2026,Brandon Smith,PIT WR,positive,“continues to run with the 1s”,Steelers 2026 Training Camp Diary: Day Three · per Alex Kozora (@Alex_Kozora) · Steelers Depot
2026,Robert Tonyan,PIT TE,positive,“clearly running ahead”,Steelers 2026 Training Camp Diary: Day Three · per Alex Kozora (@Alex_Kozora) · Steelers Depot
2026,Travis Homer,PIT RB,positive,“has a chance”,Steelers 2026 Training Camp Diary: Day Three · per Alex Kozora (@Alex_Kozora) · Steelers Depot
2026,Joaquin Davis,PIT WR,negative,“couple of missed connections”,Steelers 2026 Training Camp Diary: Day Three · per Alex Kozora (@Alex_Kozora) · Steelers Depot
2026,Jonathon Brooks,CAR RB,positive,“He looks like the guy that I remember”,Fantasy Football: 4 NFL Training Camp Risers & Fallers (2026) · FantasyPros
2026,Jonathon Brooks,CAR RB,positive,"“his burst seems to be what people remember, and the quickness and shiftiness are there”","Stock Up, Stock Down for the First Week of Panthers Training Camp · Carolina Panthers On SI / Yahoo Sports"
2026,De'Zhaun Stribling,SF WR,positive,“great routes ... strength and creating separation”,Fantasy Football: 4 NFL Training Camp Risers & Fallers (2026) · FantasyPros
2026,Tua Tagovailoa,ATL QB,negative,“flare-up”,Fantasy Football: 4 NFL Training Camp Risers & Fallers (2026) · FantasyPros
2026,James Conner,ARI RB,negative,“yet to see Conner out there”,Fantasy Football: 4 NFL Training Camp Risers & Fallers (2026) · FantasyPros
2026,Chris Brazzell II,CAR WR,positive,“downfield speed and explosiveness as a receiver have really shown”,"Stock Up, Stock Down for the First Week of Panthers Training Camp · Carolina Panthers On SI / Yahoo Sports"
2026,Justin Fields,KC QB,positive,“a connection with Day 3 rookie Cyrus Allen and a quality deep ball to veteran Jason Brownlee”,What We Learned From Day Two of Chiefs Training Camp: UDFA Kahlil Benson Shines · Kansas City Chiefs On SI
2026,Chris Brazzell II,CAR WR,negative,“carted off”,"Stock Up, Stock Down for the First Week of Panthers Training Camp · Carolina Panthers On SI / Yahoo Sports"
2026,Mitchell Evans,CAR TE,negative,“carted off with leg injury”,"Stock Up, Stock Down for the First Week of Panthers Training Camp · Carolina Panthers On SI / Yahoo Sports"
2026,Baker Mayfield,TB QB,negative,“probably the most disappointing”,"2026 NFL Training Camp Live Updates, Rumors and Highlights from Thursday · per Jeremy Fowler (ESPN) · Bleacher Report"
2026,Chris Brazzell II,CAR WR,negative,“season-ending knee surgery (LCL injury)”,"2026 NFL Training Camp Live Updates, Rumors and Highlights from Thursday · Bleacher Report"
2026,Malik Nabers,NYG WR,positive,“called rookie year 'basic' and left plays on the field; high expectations for season three”,"2026 NFL Training Camp Live Updates, Rumors and Highlights from Thursday · Bleacher Report"
2026,Roman Wilson,PIT WR,positive,“consistent first-team slot receiver reps; heavy target volume from Aaron Rodgers”,Steelers 2026 Training Camp Diary: Day Two · per Alex Kozora (@Alex_Kozora) · Steelers Depot
2026,Drew Allar,PIT QB,positive,“made two strong downfield throws... confidence to air it out deep”,Steelers 2026 Training Camp Diary: Day Two · per Alex Kozora (@Alex_Kozora) · Steelers Depot
2026,Germie Bernard,PIT WR,negative,“false starts by rookies Riley Nowakowski and Germie Bernard today”,Steelers 2026 Training Camp Diary: Day Two · per Alex Kozora (@Alex_Kozora) · Steelers Depot
2026,Riley Nowakowski,PIT TE,negative,“false-started before one snap”,Steelers 2026 Training Camp Diary: Day Two · per Alex Kozora (@Alex_Kozora) · Steelers Depot
2026,Tua Tagovailoa,ATL QB,positive,“returned to practice after missing Wednesday with back injury”,"NFL Training Camp 2026 Live Updates: Injuries, Best Plays, Best Quotes, News, Notes and More · per The Athletic (via X) · Sports Illustrated"
2026,Baker Mayfield,TB QB,negative,"“I wanted the deal done, and set the deadline and told them it was going to be all ball after that.”","NFL Training Camp 2026 Live Updates: Injuries, Best Plays, Best Quotes, News, Notes and More · per @NFLSTROUD (via X) · Sports Illustrated"
2026,Jordyn Tyson,NO WR,positive,“passed conditioning test after hamstring injury”,"2026 NFL Training Camp Live Updates, Rumors and Highlights from Wednesday · Bleacher Report"
2026,Tua Tagovailoa,ATL QB,negative,“sidelined with tight back flare-up”,"2026 NFL Training Camp Live Updates, Rumors and Highlights from Wednesday · per Adam Schefter (ESPN) · Bleacher Report"
2026,Michael Penix Jr.,ATL QB,negative,“still not cleared for full team 11-on-11 drills”,"2026 NFL Training Camp Live Updates, Rumors and Highlights from Wednesday · per Dan Graziano (ESPN) · Bleacher Report"
2026,Bijan Robinson,ATL RB,negative,“not practicing amid contract talks”,"2026 NFL Training Camp Live Updates, Rumors and Highlights from Wednesday · per Adam Schefter (ESPN) · Bleacher Report"
2026,Jahmyr Gibbs,DET RB,negative,“not practicing amid contract talks”,"2026 NFL Training Camp Live Updates, Rumors and Highlights from Wednesday · per Adam Schefter (ESPN) · Bleacher Report"
2026,Pat Freiermuth,PIT TE,positive,“targeted plenty”,Steelers 2026 Training Camp Diary: Day One · per Alex Kozora (@Alex_Kozora) · Steelers Depot
2026,De'Zhaun Stribling,SF WR,positive,“made several impressive grabs at the 49ers' first practice”,Five Rookies Already Making Fast Impressions at NFL Training Camp · NFL Draft On SI
2026,Jadarian Price,SEA RB,positive,“consistently been targeting Price in the passing game”,Five Rookies Already Making Fast Impressions at NFL Training Camp · NFL Draft On SI
2026,Cyrus Allen,KC WR,positive,“recorded a leaping touchdown in the end zone during 7-on-7 drills”,Five Rookies Already Making Fast Impressions at NFL Training Camp · NFL Draft On SI
2026,Eli Raridon,NE TE,positive,“taking snaps as TE2 behind starter Hunter Henry”,Five Rookies Already Making Fast Impressions at NFL Training Camp · NFL Draft On SI
2026,Carson Beck,ARI QB,negative,“extremely inconsistent while struggling with accuracy issues”,Five Rookies Already Making Fast Impressions at NFL Training Camp · NFL Draft On SI
2026,Jeremiyah Love,ARI RB,negative,“sharing the ball in a crowded backfield”,Five Rookies Already Making Fast Impressions at NFL Training Camp · NFL Draft On SI
2026,Kirk Cousins,LV QB,positive,“Kirk Cousins is the starting quarterback. He's the guy.”,"2026 NFL Training Camp Live Updates, Rumors and Highlights from Tuesday · per Mike Garafolo (NFL Network) · Bleacher Report"
2026,De'Von Achane,MIA RB,positive,“cleared for camp post-shoulder surgery”,"2026 NFL Training Camp Live Updates, Rumors and Highlights from Tuesday · per Marcel Louis-Jacques (ESPN) · Bleacher Report"
2026,Baker Mayfield,TB QB,negative,“not made significant progress with the Bucs on a new contract”,"2026 NFL Training Camp Live Updates, Rumors and Highlights from Tuesday · per Jeremy Fowler and Jenna Laine (ESPN) · Bleacher Report"
2026,Anthony Richardson,IND QB,negative,“I'm not just giving him away”,"2026 NFL Training Camp Live Updates, Rumors and Highlights from Tuesday · per WISH-TV · Bleacher Report"
2026,Aaron Rodgers,PIT QB,positive,"“Mike got hired and I talked to my wife and she said, 'You can do one more year.'”","2026 NFL Training Camp Live Updates, Rumors and Highlights from Tuesday · per Brooke Pryor (ESPN) · Bleacher Report"
2026,Jadarian Price,SEA RB,positive,“The Seahawks have consistently been targeting Price in the passing game”,Five Rookies Already Making Fast Impressions at NFL Training Camp · per Gregg Bell (News Tribune) · NFL Draft On SI
2026,De'Zhaun Stribling,SF WR,positive,“made several impressive catches at first practice”,Five Rookies Already Making Fast Impressions at NFL Training Camp · per David Lombardi · NFL Draft On SI
2026,Cyrus Allen,KC WR,positive,“recorded leaping touchdown in 7-on-7 drills”,Five Rookies Already Making Fast Impressions at NFL Training Camp · per Matt McMullen (Chiefs team site) · NFL Draft On SI
2026,Eli Raridon,NE TE,positive,“operating as TE2 behind Hunter Henry”,Five Rookies Already Making Fast Impressions at NFL Training Camp · per Doug Kyed (Boston Herald) · NFL Draft On SI
2026,De'Zhaun Stribling,SF WR,positive,“sticky hands and ability to adjust to a high ball”,"2026 NFL Training Camp Live Updates, Rumors and Highlights from Monday · per Vic Tafur of The Athletic · Bleacher Report"
2026,Christian Kirk,SF WR,negative,“added to injury report with calf strain after one practice”,"2026 NFL Training Camp Live Updates, Rumors and Highlights from Monday · per Nick Wagoner (ESPN) · Bleacher Report"
2026,Alec Pierce,IND WR,negative,"“placed on PUP list, recovering from ankle surgery”","2026 NFL Training Camp Live Updates, Rumors and Highlights from Monday · Bleacher Report"
2026,Patrick Mahomes,KC QB,negative,"“participation level (full practice, snap count, or modified workload) remains undetermined”","NFL Training Camp 2026: Live Updates, Injuries and Position Battles · Stadium Rant via Yahoo Sports"
2026,Shedeur Sanders,CLE QB,positive,“earning extended opportunities”,"NFL Training Camp 2026: Live Updates, Injuries and Position Battles · Stadium Rant via Yahoo Sports"
2026,Carson Beck,ARI QB,positive,“looks as if he'll be part of a QB competition”,Buying or Selling Early Training Camp Buzz on 2026 NFL Rookies · per David Brandt (Associated Press) · Bleacher Report
2026,Jadarian Price,SEA RB,negative,“George Holani getting early reps; Price likely RB1 eventually but not immediate starter”,Buying or Selling Early Training Camp Buzz on 2026 NFL Rookies · per Brady Henderson (ESPN) · Bleacher Report
2025,Matthew Golden,GB WR,positive,“will be a stud”,2025 Fantasy Football Stock Report: Training Camp · WalterFootball
2025,Dont'e Thornton Jr.,LV WR,positive,“could be a special player”,2025 Fantasy Football Stock Report: Training Camp · WalterFootball
2025,TreVeyon Henderson,NE RB,positive,“have a good chance of turning into their lead option”,2025 Fantasy Football Stock Report: Training Camp · WalterFootball
2025,James Conner,ARI RB,negative,“expects to split touches with Trey Benson”,2025 Fantasy Football Stock Report: Training Camp · WalterFootball
2025,Quinshon Judkins,CLE RB,negative,“way behind in practice”,2025 Fantasy Football Stock Report: Training Camp · WalterFootball
2025,Luther Burden III,CHI WR,negative,“can't crack the first team”,2025 Fantasy Football Stock Report: Training Camp · WalterFootball
2025,Breece Hall,NYJ RB,negative,“received just 50 percent of the starter snaps”,2025 Fantasy Football Stock Report: Training Camp · WalterFootball
2025,David Montgomery,DET RB,negative,“no longer the first running back on the field”,2025 Fantasy Football Stock Report: Training Camp · WalterFootball
2025,Bucky Irving,TB RB,positive,“viewed in the building as great enough to warrant a high-volume RB1 role”,2025 Fantasy Football Stock Report: Training Camp · WalterFootball
2025,Tyrone Tracy Jr.,NYG RB,positive,“will be the Giants' lead back in 2025”,2025 Fantasy Football Stock Report: Training Camp · WalterFootball
2025,R.J. Harvey,DEN RB,positive,“enjoyed some terrific performances in training camp”,2025 Fantasy Football Stock Report: Training Camp · WalterFootball
2025,R.J. Harvey,DEN RB,negative,“J.K. Dobbins is looking like Denver's RB1”,2025 Fantasy Football Stock Report: Training Camp · WalterFootball
2025,Quentin Johnston,LAC WR,positive,“enjoying a terrific training camp”,2025 Fantasy Football Stock Report: Training Camp · WalterFootball
2025,Jarquez Hunter,LAR RB,positive,“will get more opportunities than expected this year”,2025 Fantasy Football Stock Report: Training Camp · WalterFootball
2025,Adonai Mitchell,IND WR,positive,“thrived at Colts training camp”,2025 Fantasy Football Stock Report: Training Camp · WalterFootball
2025,Darius Slayton,NYG WR,positive,“established a strong connection with Russell Wilson”,2025 Fantasy Football Stock Report: Training Camp · WalterFootball
2025,Isiah Pacheco,KC RB,positive,“looks much improved in his route running”,2025 Fantasy Football Stock Report: Training Camp · WalterFootball
2025,Jayden Higgins,HOU WR,negative,“rotating on the outside”,2025 Fantasy Football Stock Report: Training Camp · WalterFootball
2025,Brian Robinson Jr.,SF RB,negative,“team's new No. 2 running back”,2025 Fantasy Football Stock Report: Training Camp · WalterFootball
2025,Joe Burrow,CIN QB,positive,“had the best training camp of his career”,2025 Fantasy Football Stock Report: Training Camp · WalterFootball
2025,Tyreek Hill,MIA WR,negative,“shown up to practice late”,2025 Fantasy Football Stock Report: Training Camp · WalterFootball
2025,Jaydon Blue,DAL RB,negative,“work ethic criticized in early August”,Fantasy Football Fallers to Avoid | NFL Preseason Duds 2025 · FantasyPros
2025,Joe Mixon,HOU RB,negative,“not considered to be a lock for Week 1”,Fantasy Football Fallers to Avoid | NFL Preseason Duds 2025 · FantasyPros
2025,Anthony Richardson,IND QB,negative,“lost starting job to Daniel Jones”,2025 NFL Training Camp News: Week of Aug. 18 · Fantasy Points
2025,Joe Flacco,CLE QB,positive,“strong favorite to be the Week 1 starter”,2025 NFL Training Camp News: Week of Aug. 18 · Fantasy Points
2025,Troy Franklin,DEN WR,positive,“played well in training camp”,2025 NFL Training Camp News: Week of Aug. 18 · Fantasy Points
2025,Pat Bryant,DEN WR,positive,“played well in training camp”,2025 NFL Training Camp News: Week of Aug. 18 · Fantasy Points
2025,Marvin Mims Jr.,DEN WR,positive,“operating as the #2 WR in preseason”,2025 NFL Training Camp News: Week of Aug. 18 · Fantasy Points
2025,Matthew Golden,GB WR,positive,“reports have been nothing short of stellar for the rookie”,Biggest Fantasy Football Risers And Fallers Through Training Camp · Stadium Rant
2025,Najee Harris,LAC RB,negative,“recently returned to drills”,Biggest Fantasy Football Risers And Fallers Through Training Camp · Stadium Rant
2025,Emeka Egbuka,TB WR,positive,"“standout performer of camp, noting that he's polished, strong, and has a steady demeanor”",2025 NFL Training Camp News: Week of Aug. 11 · Fantasy Points
2025,Tory Horton,SEA WR,positive,“consistently making plays”,2025 NFL Training Camp News: Week of Aug. 11 · Fantasy Points
2025,Spencer Rattler,NO QB,positive,“Rattler has passed him in training camp”,2025 NFL Training Camp News: Week of Aug. 11 · Fantasy Points
2025,Tyler Shough,NO QB,negative,“Rattler has passed him in training camp”,2025 NFL Training Camp News: Week of Aug. 11 · Fantasy Points
2025,Jerome Ford,CLE RB,negative,“paths to meaningful fantasy production have been crushed”,2025 NFL Training Camp News: Week of Aug. 11 · Fantasy Points
2025,Dylan Sampson,CLE RB,negative,“paths to meaningful fantasy production have been crushed”,2025 NFL Training Camp News: Week of Aug. 11 · Fantasy Points
2025,Tetairoa McMillan,CAR WR,positive,“Young locked in on McMillan during Carolina's joint practices”,"Training Camp Risers: Tetairoa McMillan, Trey Benson Emerging As Value Picks · Sports Illustrated"
2025,Trey Benson,ARI RB,positive,“Arizona has given Benson a bigger workload in camp”,"Training Camp Risers: Tetairoa McMillan, Trey Benson Emerging As Value Picks · Sports Illustrated"
2025,Xavier Worthy,KC WR,positive,“Worthy is starting to get more attention”,"Training Camp Risers: Tetairoa McMillan, Trey Benson Emerging As Value Picks · Sports Illustrated"
2025,Tetairoa McMillan,CAR WR,positive,“All of the reports out of Carolina... he is the number one WR”,Fantasy Football 2025 rankings risers and fallers from training camp · CBS Sports
2025,Tank Bigsby,JAX RB,positive,“this is Bigsby's chance to entrench himself as the No. 1”,Biggest fantasy football ADP risers/fallers for the first week of August 2025 · Yahoo Sports
2025,Travis Etienne Jr.,JAX RB,negative,“looks more and more like this is Bigsby's chance to entrench himself as the No. 1”,Biggest fantasy football ADP risers/fallers for the first week of August 2025 · Yahoo Sports
2025,Ricky Pearsall,SF WR,positive,“looks like the team's best receiver”,Biggest fantasy football ADP risers/fallers for the first week of August 2025 · Yahoo Sports
2025,KeAndre Lambert-Smith,LAC WR,positive,“rookie sleeper”,Biggest fantasy football ADP risers/fallers for the first week of August 2025 · Yahoo Sports
2025,Anthony Richardson,IND QB,positive,“sharper of the two quarterbacks”,2025 NFL Training Camp News: Week of July 28 · Fantasy Points
2025,Joshua Palmer,BUF WR,positive,“sneaky candidate to lead Buffalo's receivers”,2025 NFL Training Camp News: Week of July 28 · Fantasy Points
2025,Braelon Allen,NYJ RB,positive,"“bigger, faster, and stronger”",2025 NFL Training Camp News: Week of July 28 · Fantasy Points
2025,Elijah Arroyo,SEA TE,positive,“going to be a great football player and great tight end”,2025 NFL Training Camp News: Week of July 28 · Fantasy Points
2025,Mark Andrews,BAL TE,positive,“faces less target and snap competition”,2025 NFL Training Camp News: Week of July 28 · Fantasy Points
2025,Jaydon Blue,DAL RB,positive,“turning heads in camp”,6 Overhyped Players in NFL Training Camp (Fantasy Football) · FantasyPros
2025,Omarion Hampton,LAC RB,positive,“looks poised to take over as the primary rusher in Los Angeles”,Fantasy Football Risers/Fallers | Early NFL Training Camp (2025) · FantasyPros
2025,Marvin Harrison Jr.,ARI WR,positive,“leads the way as one of Arizona's top offensive standouts”,6 Overhyped Players in NFL Training Camp (Fantasy Football) · FantasyPros
2025,Jordan Mason,MIN RB,positive,“splitting the work 50-50”,6 Overhyped Players in NFL Training Camp (Fantasy Football) · FantasyPros
2025,Roc Taylor,PIT WR,positive,"“He's a hell of a player, man. He's been making some plays.”",Steelers Rookie WR Shines at Training Camp · Sports Illustrated
2025,Miles Sanders,DAL RB,positive,"“consistently stood out the most, both running and passing”",Fantasy Football's Biggest Winners and Losers from NFL Training Camps · Bleacher Report
2025,Drake Maye,NE QB,positive,“absolutely wonderful so far”,Fantasy Football's Biggest Winners and Losers from NFL Training Camps · Bleacher Report
2025,Kyler Murray,ARI QB,negative,“nothing could go right”,Fantasy Football's Biggest Winners and Losers from NFL Training Camps · Bleacher Report
2025,Deebo Samuel,WAS WR,positive,"“sharp, explosive”",Fantasy Football's Biggest Winners and Losers from NFL Training Camps · Bleacher Report
2025,Kyle Pitts,ATL TE,positive,“going to get the ball a lot”,Fantasy Football's Biggest Winners and Losers from NFL Training Camps · Bleacher Report
2025,Jacory Croskey-Merritt,WAS RB,positive,“generating a ton of hype out of training camp”,3 Fantasy Football Rookies & NFL Training Camp Buzz (2025) · FantasyPros
2025,Jacory Croskey-Merritt,WAS RB,positive,“one of the early standouts”,"2025 Fantasy Football Training Camp: News, Rumors & Tips (First Week of Camp) · RotoWire"
2025,Emeka Egbuka,TB WR,positive,“drawn raves for his performance in training camp”,3 Fantasy Football Rookies & NFL Training Camp Buzz (2025) · FantasyPros
2025,Kyle Monangai,CHI RB,positive,“You have to be wired differently to come up and smack a linebacker”,"2025 Fantasy Football Training Camp: News, Rumors & Tips (First Week of Camp) · RotoWire"
2025,Keon Coleman,BUF WR,positive,“Smooth. Solid”,"2025 Fantasy Football Training Camp: News, Rumors & Tips (First Week of Camp) · RotoWire"
2025,Elic Ayomanor,TEN WR,positive,“emerging as fantasy sleeper”,"2025 Fantasy Football Training Camp: News, Rumors & Tips (First Week of Camp) · RotoWire"
2025,Nick Chubb,HOU RB,positive,“minimal competition for first-team reps”,"2025 Fantasy Football Training Camp: News, Rumors & Tips (First Week of Camp) · RotoWire"
2024,Justin Fields,PIT QB,positive,“far more explosive than Wilson”,Stock Up/Stock Down After Week 2 of the NFL Preseason · Pro Football Network
2024,Drake Maye,NE QB,positive,“showed off his mobility”,Stock Up/Stock Down After Week 2 of the NFL Preseason · Pro Football Network
2024,Trey Benson,ARI RB,positive,“looked significantly improved”,Stock Up/Stock Down After Week 2 of the NFL Preseason · Pro Football Network
2024,Xavier Worthy,KC WR,positive,“speed demon”,Stock Up/Stock Down After Week 2 of the NFL Preseason · Pro Football Network
2024,Ray Davis,BUF RB,positive,“looks like his fantasy handcuff”,Fantasy Football Winners and Losers after NFL Preseason Week 2 · Sports Illustrated
2024,Tank Bigsby,JAX RB,positive,“Bigsby over Johnson”,Fantasy Football Winners and Losers after NFL Preseason Week 2 · Sports Illustrated
2024,Devin Singletary,NYG RB,positive,“featured back”,Fantasy Football Winners and Losers after NFL Preseason Week 2 · Sports Illustrated
2024,Brenden Rice,LAC WR,positive,“got the start even with all of the Chargers wideouts available”,Fantasy Football Winners and Losers after NFL Preseason Week 2 · Sports Illustrated
2024,Tim Patrick,DEN WR,positive,“needs to be drafted ahead of Marvin Mims Jr.”,Fantasy Football Winners and Losers after NFL Preseason Week 2 · Sports Illustrated
2024,Gardner Minshew,LV QB,positive,“won the starting quarterback job”,Fantasy Football Winners and Losers after NFL Preseason Week 2 · Sports Illustrated
2024,Clyde Edwards-Helaire,KC RB,negative,“clearly in a state of flux”,Fantasy Football Winners and Losers after NFL Preseason Week 2 · Sports Illustrated
2024,Kenny Pickett,PHI QB,negative,“hasn't been able to hit anything downfield”,Stock Up/Stock Down After Week 2 of the NFL Preseason · Pro Football Network
2024,Daniel Jones,NYG QB,negative,“threw two first-quarter interceptions”,Stock Up/Stock Down After Week 2 of the NFL Preseason · Pro Football Network
2024,Aidan O'Connell,LV QB,negative,“lost the quarterback battle”,Fantasy Football Winners and Losers after NFL Preseason Week 2 · Sports Illustrated
2024,Zamir White,LV RB,negative,“lose third-down work and passing situations to Alexander Mattison”,Fantasy Football Winners and Losers after NFL Preseason Week 2 · Sports Illustrated
2024,Khalil Shakir,BUF WR,negative,“didn't play in two-receiver sets”,Fantasy Football Winners and Losers after NFL Preseason Week 2 · Sports Illustrated
2024,Troy Franklin,DEN WR,negative,“doesn't appear to be anywhere near seeing a lot of playing time”,Fantasy Football Winners and Losers after NFL Preseason Week 2 · Sports Illustrated
2024,Devontez Walker,BAL WR,negative,“didn't draw a start”,Fantasy Football Winners and Losers after NFL Preseason Week 2 · Sports Illustrated
2024,Cole Kmet,CHI TE,negative,“might have also fallen behind Gerald Everett on the depth chart”,Fantasy Football Winners and Losers after NFL Preseason Week 2 · Sports Illustrated
2024,Jonnu Smith,MIA TE,negative,“in a committee with Durham Smythe and Julian Hill”,Fantasy Football Winners and Losers after NFL Preseason Week 2 · Sports Illustrated
2024,Jelani Woods,IND TE,negative,“questionable if Woods will even make the final roster”,Fantasy Football Winners and Losers after NFL Preseason Week 2 · Sports Illustrated
2024,Gardner Minshew,LV QB,negative,“completed 16 of 33 attempts for 212 yards”,Stock Up/Stock Down After Week 2 of the NFL Preseason · Pro Football Network
2024,Caleb Williams,CHI QB,positive,“most efficient outing...of all 58 signal-callers”,The Biggest Winners and Losers from 2024 NFL Training Camps · Bleacher Report
2024,Malik Nabers,NYG WR,positive,“dominating Giants camp”,2024 NFL Training Camp - Early Winners and Players to Watch · PlayerProfiler
2024,Chase Brown,CIN RB,positive,“flashed early and often”,2024 NFL Training Camp - Early Winners and Players to Watch · PlayerProfiler
2024,Andrei Iosivas,CIN WR,positive,“early favorite for slot WR role”,2024 NFL Training Camp - Early Winners and Players to Watch · PlayerProfiler
2024,Javon Baker,NE WR,positive,“earned praise from beat writers”,2024 NFL Training Camp - Early Winners and Players to Watch · PlayerProfiler
2024,Deneric Prince,KC RB,positive,“running with second-team offense”,2024 NFL Training Camp - Early Winners and Players to Watch · PlayerProfiler
2024,Will Shipley,PHI RB,positive,“earned first-team reps”,2024 NFL Training Camp - Early Winners and Players to Watch · PlayerProfiler
2024,Jalen McMillan,TB WR,positive,“talk of Bucs camp”,2024 NFL Training Camp - Early Winners and Players to Watch · PlayerProfiler
2024,Ladd McConkey,LAC WR,positive,“early star on offensive side”,2024 NFL Training Camp - Early Winners and Players to Watch · PlayerProfiler
2024,Jameson Williams,DET WR,positive,“Things are starting to slow down for him”,2024 NFL Training Camp - Early Winners and Players to Watch · PlayerProfiler
2024,Stefon Diggs,HOU WR,positive,“early leader in targets”,2024 NFL Training Camp - Early Winners and Players to Watch · PlayerProfiler
2024,Michael Wilson,ARI WR,positive,“running with starters ahead of Zay Jones”,2024 NFL Training Camp News: Week of July 22 and 29 · Fantasy Points
2024,Colby Parkinson,LAR TE,positive,“standout as top TE to open training camp”,2024 NFL Training Camp News: Week of July 22 and 29 · Fantasy Points
2024,Jordan Mason,SF RB,positive,“pushing Mitchell for the #2 job after strong start to training camp”,2024 NFL Training Camp News: Week of July 22 and 29 · Fantasy Points
2024,Elijah Mitchell,SF RB,positive,“favorite to claim backup job to Christian McCaffrey”,2024 NFL Training Camp News: Week of July 22 and 29 · Fantasy Points
2024,Javonte Williams,DEN RB,positive,“He looks like a completely different player”,2024 NFL Training Camp News: Week of July 22 and 29 · Fantasy Points
2024,Blake Corum,LAR RB,positive,“F*ing stud”,2024 NFL Training Camp News: Week of July 22 and 29 · Fantasy Points
2024,Breece Hall,NYJ RB,positive,“pretty impressive”,2024 NFL Training Camp News: Week of July 22 and 29 · Fantasy Points
2024,Quentin Johnston,LAC WR,negative,“odd man out in three-WR sets”,2024 NFL Training Camp News: Week of July 22 and 29 · Fantasy Points
2024,Adonai Mitchell,IND WR,negative,“been relatively quiet during team periods”,2024 NFL Training Camp News: Week of July 22 and 29 · Fantasy Points
2024,Dalton Kincaid,BUF TE,negative,“won't usurp full-time role from Dawson Knox”,2024 NFL Training Camp News: Week of July 22 and 29 · Fantasy Points
2024,Jordan Whittington,LAR WR,positive,“already getting first-team reps”,Fantasy Football ADP Risers & Fallers (NFL Training Camp) · FantasyPros
2024,Dylan Laube,LV RB,positive,“special”,Fantasy Football ADP Risers & Fallers (NFL Training Camp) · FantasyPros
2024,Audric Estime,DEN RB,positive,“returned to glowing reviews”,Fantasy Football ADP Risers & Fallers (NFL Training Camp) · FantasyPros
2024,Trey Sermon,IND RB,positive,“vice grip on RB2 job”,Fantasy Football ADP Risers & Fallers (NFL Training Camp) · FantasyPros
2024,Jalen Tolbert,DAL WR,positive,“de-facto No. 2 WR”,Fantasy Football ADP Risers & Fallers (NFL Training Camp) · FantasyPros
2024,Rashod Bateman,BAL WR,positive,“continues to impress”,Fantasy Football ADP Risers & Fallers (NFL Training Camp) · FantasyPros
2024,Dontayvion Wicks,GB WR,positive,“rotating in with other top 3 WRs”,Fantasy Football ADP Risers & Fallers (NFL Training Camp) · FantasyPros
2024,Aidan O'Connell,LV QB,positive,“has shot to start season”,Fantasy Football ADP Risers & Fallers (NFL Training Camp) · FantasyPros
2024,A.T. Perry,NO WR,negative,“not impressed”,Fantasy Football ADP Risers & Fallers (NFL Training Camp) · FantasyPros
2024,Rondale Moore,ATL WR,negative,“operating as WR4”,Fantasy Football ADP Risers & Fallers (NFL Training Camp) · FantasyPros
2024,Bo Nix,DEN QB,positive,“Very impressed with Bo Nix”,NFL Rookies Who Are Shining in 2024 Training Camps · Bleacher Report
2024,Roman Wilson,PIT WR,positive,“Day 3's star”,NFL Rookies Who Are Shining in 2024 Training Camps · Bleacher Report
2024,Ja'Lynn Polk,NE WR,positive,“most impactful pass-catcher on the field”,Buying or Selling Early Training Camp Buzz on 2024 NFL Rookies · Bleacher Report
2024,Marvin Harrison Jr.,ARI WR,positive,“doesn't have a weakness”,Buying or Selling Early Training Camp Buzz on 2024 NFL Rookies · Bleacher Report
2024,Jerome Ford,CLE RB,positive,“poised to have another strong season in the featured back role”,2024 Fantasy Football Stock Report: Training Camp · WalterFootball
2024,Rico Dowdle,DAL RB,positive,“favorite to lead the Cowboys in rushing yardage”,2024 Fantasy Football Stock Report: Training Camp · WalterFootball
2024,Braelon Allen,NYJ RB,positive,“great development for Allen”,2024 Fantasy Football Stock Report: Training Camp · WalterFootball
2024,John Metchie,HOU WR,positive,“explosiveness is back”,2024 Fantasy Football Stock Report: Training Camp · WalterFootball
2024,Marvin Mims,DEN WR,positive,“You're going to see a lot of growth”,2024 Fantasy Football Stock Report: Training Camp · WalterFootball
2024,Chuba Hubbard,CAR RB,positive,“more explosive in training camp”,2024 Fantasy Football Stock Report: Training Camp · WalterFootball
2024,Jaylen Warren,PIT RB,positive,“had begun to cut into Harris' workload”,"NFL training camp: Najee Harris, Jack Conklin among veterans who could lose starting roles in 2024 · NFL.com"
2024,Adonai Mitchell,IND WR,positive,“far outshines Pierce”,"NFL training camp: Najee Harris, Jack Conklin among veterans who could lose starting roles in 2024 · NFL.com"
2024,Kendre Miller,NO RB,negative,“doesn't seem likely to learn the offensive system”,2024 Fantasy Football Stock Report: Training Camp · WalterFootball
2024,Caleb Williams,CHI QB,negative,“reportedly struggled in practice”,2024 Fantasy Football Stock Report: Training Camp · WalterFootball
2024,Drake Maye,NE QB,negative,“heavy favorite to start Week 1”,2024 Fantasy Football Stock Report: Training Camp · WalterFootball
2024,J.J. McCarthy,MIN QB,negative,“definitely won't start in Week 1”,2024 Fantasy Football Stock Report: Training Camp · WalterFootball
2024,Justin Fields,PIT QB,negative,“better of the two”,2024 Fantasy Football Stock Report: Training Camp · WalterFootball
2024,Kimani Vidal,LAC RB,negative,“RB6 on depth chart”,2024 Fantasy Football Stock Report: Training Camp · WalterFootball
2024,Tank Bigsby,JAX RB,negative,“struggled with drops”,2024 Fantasy Football Stock Report: Training Camp · WalterFootball
2024,Javonte Williams,DEN RB,negative,“Jaleel McLaughlin leading RB race”,2024 Fantasy Football Stock Report: Training Camp · WalterFootball
2024,Najee Harris,PIT RB,negative,“veterans who could lose starting roles in 2024”,"NFL training camp: Najee Harris, Jack Conklin among veterans who could lose starting roles in 2024 · NFL.com"
2024,JuJu Smith-Schuster,NE WR,negative,“older and slower”,"NFL training camp: Najee Harris, Jack Conklin among veterans who could lose starting roles in 2024 · NFL.com"
2024,Alec Pierce,IND WR,negative,“far outshines Pierce”,"NFL training camp: Najee Harris, Jack Conklin among veterans who could lose starting roles in 2024 · NFL.com"
2024,Mo Alie-Cox,IND TE,negative,“notoriously streaky player”,"NFL training camp: Najee Harris, Jack Conklin among veterans who could lose starting roles in 2024 · NFL.com"
2023,Skyy Moore,KC WR,positive,“every-down guy”,2023 Training Camp News Tracker: Cutdown Week · Fantasy Points
2023,C.J. Stroud,HOU QB,positive,“named starting quarterback”,2023 Training Camp News Tracker: Cutdown Week · Fantasy Points
2023,Tank Bigsby,JAX RB,positive,“unstoppable force”,2023 Training Camp News Tracker: Week of 8/7 · Fantasy Points
2023,Travis Etienne,JAX RB,negative,“44.8% of carries inside 5-yard line”,2023 Training Camp News Tracker: Week of 8/7 · Fantasy Points
2023,Kyren Williams,LAR RB,positive,“making a play in the passing game in every practice”,2023 Training Camp News Tracker: Week of 8/7 · Fantasy Points
2023,Michael Wilson,ARI WR,positive,“consistently found himself open”,2023 Training Camp News Tracker: Week of 8/7 · Fantasy Points
2023,Jake Ferguson,DAL TE,positive,“clear No. 1”,2023 Training Camp News Tracker: Week of 8/7 · Fantasy Points
2023,Tyquan Thornton,NE WR,negative,“slow start”,2023 Training Camp News Tracker: Week of 8/7 · Fantasy Points
2023,Damien Harris,BUF RB,negative,“losing ground to Cook and Murray”,2023 Training Camp News Tracker: Week of 8/7 · Fantasy Points
2023,Alexander Mattison,MIN RB,positive,"“multifaceted run game, pass protection... route-running ability”",2023 Training Camp News Tracker: Week of 8/7 · Fantasy Points
2023,Dalton Kincaid,BUF TE,positive,“looked the part”,2023 Training Camp News Tracker: Week of 8/7 · Fantasy Points
2023,Anthony Richardson,IND QB,positive,“arm that's turning heads”,2023 NFL Training Camp Standouts · The Wright Way Network
2023,Tank Dell,HOU WR,positive,"“impressive with his speed, hands”",2023 NFL Training Camp Standouts · The Wright Way Network
2023,Puka Nacua,LAR WR,positive,“getting first team reps as a rookie”,2023 NFL Training Camp Standouts · The Wright Way Network
2023,Jaxon Smith-Njigba,SEA WR,positive,“made play after play”,These 5 rookies have stood out at 2023 NFL training camps · NBC Boston
2023,Puka Nacua,LAR WR,positive,“glowing reviews since the beginning of OTAs”,Rams rookie Puka Nacua standing out since Cooper Kupp injury · Turf Show Times
2023,DeMarcus Robinson,LAR WR,positive,“making some impressive catches”,Rams rookie Puka Nacua standing out since Cooper Kupp injury · Turf Show Times
2023,Tutu Atwell,LAR WR,positive,“having good camps as well”,Rams rookie Puka Nacua standing out since Cooper Kupp injury · Turf Show Times
2023,Bryce Young,CAR QB,positive,“everybody shuts up and looks when he steps in the huddle”,NFL Rookies Who Are Shining in 2023 Training Camps · Bleacher Report
2023,Jaxon Smith-Njigba,SEA WR,positive,“star of camp”,NFL Rookies Who Are Shining in 2023 Training Camps · Bleacher Report
2023,Jordan Addison,MIN WR,positive,“lining up all over the field and crushing it”,NFL Rookies Who Are Shining in 2023 Training Camps · Bleacher Report
2023,Anthony Richardson,IND QB,positive,“took all of the first-team reps in practice”,2023 NFL Training Camp News Roundup: Fantasy Football (8/3) · FantasyPros
2023,Zay Flowers,BAL WR,positive,“continues to solidify himself in camp”,2023 NFL Training Camp News Roundup: Fantasy Football (8/3) · FantasyPros
2023,Jahan Dotson,WAS WR,positive,“off to a fast start in camp”,2023 NFL Training Camp News Roundup: Fantasy Football (8/3) · FantasyPros
2023,Hunter Henry,NE TE,positive,“standing out in training camp”,2023 NFL Training Camp News Roundup: Fantasy Football (8/3) · FantasyPros
2023,Ty Chandler,MIN RB,negative,“lacking consistency early in camp”,2023 NFL Training Camp News Roundup: Fantasy Football (8/3) · FantasyPros
2023,James Cook,BUF RB,positive,“seeing heavy work in passing game”,2023 NFL Training Camp News Roundup: Fantasy Football (8/3) · FantasyPros
2023,Odell Beckham Jr.,BAL WR,positive,“looked sharp”,4 Early NFL Training Camp Risers & Fallers (2023 Fantasy Football) · FantasyPros
2023,Sam LaPorta,DET TE,positive,“He's earned the right now to be in that first-team huddle”,Buying or Selling Early Training Camp Buzz on 2023 NFL Rookies · Bleacher Report
2023,De'Von Achane,MIA RB,positive,“He's shown some pretty cool bursts of his speed. His hands.”,Buying or Selling Early Training Camp Buzz on 2023 NFL Rookies · Bleacher Report
2023,James Cook,BUF RB,positive,“No. 1 running back by far in training camp thus far”,2023 Fantasy Football Stock Report: Training Camp · WalterFootball
2023,Elijah Moore,CLE WR,positive,“enjoyed a terrific camp with Deshaun Watson”,2023 Fantasy Football Stock Report: Training Camp · WalterFootball
2023,Tank Dell,HOU WR,positive,“elite separator”,2023 Fantasy Football Stock Report: Training Camp · WalterFootball
2023,Jalin Hyatt,NYG WR,positive,"“star of Giants' training camp, connecting on deep throws”",2023 Fantasy Football Stock Report: Training Camp · WalterFootball
2023,Calvin Austin III,PIT WR,positive,“most eye-opening camp of any Pittsburgh receiver”,2023 Fantasy Football Stock Report: Training Camp · WalterFootball
2023,Skyy Moore,KC WR,positive,“first-string offense during every rep in two-receiver sets”,2023 Fantasy Football Stock Report: Training Camp · WalterFootball
2023,Jayden Reed,GB WR,positive,“seemingly won the slot role in Green Bay”,2023 Fantasy Football Stock Report: Training Camp · WalterFootball
2023,Luke Musgrave,GB TE,positive,"“exceptional in training camp, very athletic”",2023 Fantasy Football Stock Report: Training Camp · WalterFootball
2023,Bijan Robinson,ATL RB,positive,"“looked terrific thus far in training camp, lining up all over”",2023 Fantasy Football Stock Report: Training Camp · WalterFootball
2023,Juwan Johnson,NO TE,positive,“one of the most reliable targets for Derek Carr”,2023 Fantasy Football Stock Report: Training Camp · WalterFootball
2023,Rachaad White,TB RB,negative,“splitting first-team reps with rookie Sean Tucker”,2023 Fantasy Football Stock Report: Training Camp · WalterFootball
2023,D'Andre Swift,PHI RB,negative,“Rashaad Penny ran as first-string running back”,2023 Fantasy Football Stock Report: Training Camp · WalterFootball
2023,Sam LaPorta,DET TE,positive,“leading the league in rookie camp hype; won starting job”,2023 NFL Training Camp Debrief: Everything you need to know from the first two weeks of practice · NFL.com
2023,Bryce Young,CAR QB,negative,“threw an interception for the fourth straight practice”,NFL Training Camp News Tracker (2023 Fantasy Football) · FantasyPros
2023,Travis Etienne,JAX RB,positive,“impressive when showing off his pass-catching ability”,NFL Training Camp News Tracker (2023 Fantasy Football) · FantasyPros
2023,Justyn Ross,KC WR,positive,“camp darling”,2023 NFL Training Camp Debrief: Everything you need to know from the first two weeks of practice · NFL.com
2023,Brock Purdy,SF QB,positive,“took all the San Francisco 49ers' first-team reps on days he's practiced”,2023 NFL Training Camp Debrief: Everything you need to know from the first two weeks of practice · NFL.com
2023,Trey Lance,SF QB,positive,“first in the 49ers' rotation”,NFL Training Camp News Tracker (2023 Fantasy Football) · FantasyPros
2023,Jimmy Garoppolo,LV QB,negative,“seven interceptions in two Las Vegas Raiders practices”,2023 NFL Training Camp Debrief: Everything you need to know from the first two weeks of practice · NFL.com
2023,Dorian Thompson-Robinson,CLE QB,positive,“boffo Hall of Fame Game performance”,2023 NFL Training Camp Debrief: Everything you need to know from the first two weeks of practice · NFL.com
2023,Rashee Rice,KC WR,positive,“rookie second-rounder making an impact”,2023 NFL Training Camp Debrief: Everything you need to know from the first two weeks of practice · NFL.com
2023,Deneric Prince,KC RB,positive,“appears to be a safe bet to make the team”,2023 NFL Training Camp Debrief: Everything you need to know from the first two weeks of practice · NFL.com
2023,Demario Douglas,NE WR,positive,“backed up strong offseason with starter snaps”,2023 NFL Training Camp Debrief: Everything you need to know from the first two weeks of practice · NFL.com
2023,Kyle Trask,TB QB,positive,“tightened the Tampa Bay Buccaneers quarterback competition”,2023 NFL Training Camp Debrief: Everything you need to know from the first two weeks of practice · NFL.com
2023,Baker Mayfield,TB QB,negative,“penchant for practice interceptions”,2023 NFL Training Camp Debrief: Everything you need to know from the first two weeks of practice · NFL.com
2023,Kyle Allen,BUF QB,negative,“struggled mightily”,2023 NFL Training Camp Debrief: Everything you need to know from the first two weeks of practice · NFL.com
2023,Luke Schoonmaker,DAL TE,negative,“may have too much ground to make up”,2023 NFL Training Camp Debrief: Everything you need to know from the first two weeks of practice · NFL.com
2023,Xavier Hutchinson,HOU WR,positive,“making plays in training camp”,NFL Training Camp News Tracker (2023 Fantasy Football) · FantasyPros
2023,Brian Robinson Jr.,WAS RB,positive,“looks sharp”,NFL Training Camp News Tracker (2023 Fantasy Football) · FantasyPros
2023,Jameson Williams,DET WR,negative,“never probably be like one of these elite pass-catchers”,NFL Training Camp News Tracker (2023 Fantasy Football) · FantasyPros
2023,Calvin Ridley,JAX WR,positive,“impressive throughout the first few days”,NFL Training Camp News Tracker (2023 Fantasy Football) · FantasyPros
2023,Darren Waller,NYG TE,positive,“showing a strong connection with QB Daniel Jones”,NFL Training Camp News Tracker (2023 Fantasy Football) · FantasyPros
2022,Romeo Doubs,GB WR,positive,“made 'wow play' during every single practice”,2022 Fantasy Football Stock Report: Training Camp · WalterFootball
2022,George Pickens,PIT WR,positive,“enjoying great training camp”,2022 Fantasy Football Stock Report: Training Camp · WalterFootball
2022,Isiah Pacheco,KC RB,positive,“practicing with first-team offense”,2022 Fantasy Football Stock Report: Training Camp · WalterFootball
2022,Treylon Burks,TEN WR,negative,“practicing with second/third-string offenses”,2022 Fantasy Football Stock Report: Training Camp · WalterFootball
2022,Dameon Pierce,HOU RB,positive,“best running back in Texans training camp”,2022 Fantasy Football Stock Report: Training Camp · WalterFootball
2022,Travis Etienne,JAX RB,positive,“star of Jaguars training camp”,2022 Fantasy Football Stock Report: Training Camp · WalterFootball
2022,D.J. Chark,DET WR,positive,“very impressive in training camp”,2022 Fantasy Football Stock Report: Training Camp · WalterFootball
2022,Russell Gage,TB WR,positive,“defense hasn't been able to cover”,2022 Fantasy Football Stock Report: Training Camp · WalterFootball
2022,Wan'Dale Robinson,NYG WR,positive,“star of Giants training camp”,2022 Fantasy Football Stock Report: Training Camp · WalterFootball
2022,Simi Fehoko,DAL WR,positive,“huge surprise in training camp”,2022 Fantasy Football Stock Report: Training Camp · WalterFootball
2022,Jalen Tolbert,DAL WR,positive,“already seeing action with the ones”,2022 Fantasy Football Stock Report: Training Camp · WalterFootball
2022,Eno Benjamin,ARI RB,positive,“drawn praise of Kliff Kingsbury”,2022 Fantasy Football Stock Report: Training Camp · WalterFootball
2022,Daniel Bellinger,NYG TE,positive,“No. 1 tight end on Giants roster”,2022 Fantasy Football Stock Report: Training Camp · WalterFootball
2022,Donald Parham,LAC TE,positive,“preferred target of Justin Herbert in red zone”,2022 Fantasy Football Stock Report: Training Camp · WalterFootball
2022,Zamir White,LV RB,positive,“Josh McDaniels...very high on rookie”,2022 Fantasy Football Stock Report: Training Camp · WalterFootball
2022,Donovan Peoples-Jones,CLE WR,positive,“favorite of Deshaun Watson's”,2022 Fantasy Football Stock Report: Training Camp · WalterFootball
2022,Courtland Sutton,DEN WR,positive,“Russell Wilson's favorite in pressure situations”,2022 Fantasy Football Stock Report: Training Camp · WalterFootball
2022,Gabriel Davis,BUF WR,positive,“top receiver on field during scrimmage”,2022 Fantasy Football Stock Report: Training Camp · WalterFootball
2022,Tua Tagovailoa,MIA QB,positive,“been on fire in training camp”,2022 Fantasy Football Stock Report: Training Camp · WalterFootball
2022,Saquon Barkley,NYG RB,positive,“looked very good”,2022 Fantasy Football Stock Report: Training Camp · WalterFootball
2022,Justin Jefferson,MIN WR,positive,“been terrific in training camp”,2022 Fantasy Football Stock Report: Training Camp · WalterFootball
2022,Darrell Henderson,LAR RB,positive,“could start in Week 1”,2022 Fantasy Football Stock Report: Training Camp · WalterFootball
2022,Cam Akers,LAR RB,negative,“in Sean McVay's dog house”,2022 Fantasy Football Stock Report: Training Camp · WalterFootball
2022,Antonio Gibson,WAS RB,negative,“practicing with third-team offense”,2022 Fantasy Football Stock Report: Training Camp · WalterFootball
2022,David Montgomery,CHI RB,negative,“seeing action on special teams”,2022 Fantasy Football Stock Report: Training Camp · WalterFootball
2022,Isaiah Spiller,LAC RB,negative,“Joshua Kelley in commanding lead for backup”,2022 Fantasy Football Stock Report: Training Camp · WalterFootball
2022,Romeo Doubs,GB WR,positive,“star of Packers camp”,Winners and losers thus far from the 2022 NFL preseason · PFF
2022,George Pickens,PIT WR,positive,“legitimate No. 1 talent at receiver”,Winners and losers thus far from the 2022 NFL preseason · PFF
2022,Treylon Burks,TEN WR,negative,“lacked production”,Winners and losers thus far from the 2022 NFL preseason · PFF
2022,Kenny Pickett,PIT QB,positive,“speed up his process at the NFL level”,Winners and losers thus far from the 2022 NFL preseason · PFF
2022,Geno Smith,SEA QB,positive,“heavy favorite now to earn that starting job”,Winners and losers thus far from the 2022 NFL preseason · PFF
2022,Drew Lock,SEA QB,negative,“losing ground”,Winners and losers thus far from the 2022 NFL preseason · PFF
2022,Isaiah Likely,BAL TE,positive,“mid-round steal”,Winners and losers thus far from the 2022 NFL preseason · PFF
2022,Lil'Jordan Humphrey,NE WR,positive,“will help him stick on the roster”,Winners and losers thus far from the 2022 NFL preseason · PFF
2022,Anthony Schwartz,CLE WR,negative,“dropped three of the six targets”,Winners and losers thus far from the 2022 NFL preseason · PFF
2022,George Pickens,PIT WR,positive,“mounting evidence that George Pickens is going to be a star”,NFL Preseason Risers & Fallers (2022 Fantasy Football) · FantasyPros
2022,Isiah Pacheco,KC RB,positive,“operating as the RB2 behind Clyde Edwards-Helaire”,NFL Preseason Risers & Fallers (2022 Fantasy Football) · FantasyPros
2022,Treylon Burks,TEN WR,negative,“only saw the field for 50% of the snaps with the team's starters”,NFL Preseason Risers & Fallers (2022 Fantasy Football) · FantasyPros
2022,Dameon Pierce,HOU RB,positive,“rushed for 49 yards on 5 carries (9.8 ypc)”,NFL Preseason Risers & Fallers (2022 Fantasy Football) · FantasyPros
2022,Travis Etienne,JAX RB,positive,“50% opportunity share - elite fantasy usage for a running back”,NFL Preseason Risers & Fallers (2022 Fantasy Football) · FantasyPros
2022,Skyy Moore,KC WR,negative,“distant WR4 after playing with just the 2nd team”,NFL Preseason Risers & Fallers (2022 Fantasy Football) · FantasyPros
2022,JuJu Smith-Schuster,KC WR,positive,“the only receiver on the field for all 11”,NFL Preseason Risers & Fallers (2022 Fantasy Football) · FantasyPros
2022,Jahan Dotson,WAS WR,positive,“on the field for all 22 of starting QB Carson Wentz's snaps”,NFL Preseason Risers & Fallers (2022 Fantasy Football) · FantasyPros
2022,Wan'Dale Robinson,NYG WR,positive,“played 13 of the 18 snaps with the starters”,NFL Preseason Risers & Fallers (2022 Fantasy Football) · FantasyPros
2022,Antonio Gibson,WAS RB,negative,“fumbled and then played with the backups”,NFL Preseason Risers & Fallers (2022 Fantasy Football) · FantasyPros
2022,Isaiah Spiller,LAC RB,negative,“didn't play with the second team against the Rams”,NFL Preseason Risers & Fallers (2022 Fantasy Football) · FantasyPros
2022,Trestan Ebner,CHI RB,positive,“looked terrific against the Chiefs on Saturday”,NFL Preseason Risers & Fallers (2022 Fantasy Football) · FantasyPros
2022,Marcus Mariota,ATL QB,positive,“looked sharp”,NFL Preseason Risers & Fallers (2022 Fantasy Football) · FantasyPros
2022,Adam Trautman,NO TE,negative,“played fewer snaps and ran fewer routes than Juwan Johnson”,NFL Preseason Risers & Fallers (2022 Fantasy Football) · FantasyPros
2022,Tyrion Davis-Price,SF RB,negative,“Second-year RB Trey Sermon played ahead of rookie”,NFL Preseason Risers & Fallers (2022 Fantasy Football) · FantasyPros
2022,Mike Gesicki,MIA TE,negative,“inline on 33.3% of his snaps”,NFL Preseason Risers & Fallers (2022 Fantasy Football) · FantasyPros
2022,Treylon Burks,TEN WR,negative,“non-factor in the Titans' initial preseason game”,2022 Fantasy Football Sleepers · WalterFootball
2022,Romeo Doubs,GB WR,positive,“early favorite of quarterback Aaron Rodgers”,"One riser, one faller from each NFL team during 2022 training camp · PFF"
2022,George Pickens,PIT WR,positive,“reminds him of Randy Moss”,"One riser, one faller from each NFL team during 2022 training camp · PFF"
2022,JuJu Smith-Schuster,KC WR,positive,“favorite target of Patrick Mahomes”,"One riser, one faller from each NFL team during 2022 training camp · PFF"
2022,Greg Dortch,ARI WR,positive,“made big plays all throughout camp”,"One riser, one faller from each NFL team during 2022 training camp · PFF"
2022,Isaiah McKenzie,BUF WR,positive,“primed for a much bigger role in 2022”,"One riser, one faller from each NFL team during 2022 training camp · PFF"
2022,Dazz Newsome,CHI WR,positive,“one of the lone bright spots”,"One riser, one faller from each NFL team during 2022 training camp · PFF"
2022,Kwamie Lassiter II,CIN WR,positive,“moving up the wide receiver depth chart”,"One riser, one faller from each NFL team during 2022 training camp · PFF"
2022,Montrell Washington,DEN WR,positive,“stepped up in a big way for Denver”,"One riser, one faller from each NFL team during 2022 training camp · PFF"
2022,D.J. Chark,DET WR,positive,“has been sensational”,"One riser, one faller from each NFL team during 2022 training camp · PFF"
2022,Nico Collins,HOU WR,positive,“primed for a much bigger role in 2022”,"One riser, one faller from each NFL team during 2022 training camp · PFF"
2022,Nyheim Hines,IND RB,positive,“should see his production jump this season”,"One riser, one faller from each NFL team during 2022 training camp · PFF"
2022,Joshua Kelley,LAC RB,positive,“become a more complete back”,"One riser, one faller from each NFL team during 2022 training camp · PFF"
2022,Tutu Atwell,LAR WR,positive,“shown promise as a deep threat”,"One riser, one faller from each NFL team during 2022 training camp · PFF"
2022,Erik Ezukanma,MIA WR,positive,“been a downfield threat early in camp”,"One riser, one faller from each NFL team during 2022 training camp · PFF"
2022,Tyler Conklin,NYJ TE,positive,“stock has been on the rise more than anyone”,"One riser, one faller from each NFL team during 2022 training camp · PFF"
2022,Kenneth Gainwell,PHI RB,positive,“explosive and shifty in camp”,"One riser, one faller from each NFL team during 2022 training camp · PFF"
2022,Russell Gage,TB WR,positive,“the best WR in camp”,"One riser, one faller from each NFL team during 2022 training camp · PFF"
2022,Jahan Dotson,WAS WR,positive,“earned praise for steady hands”,"One riser, one faller from each NFL team during 2022 training camp · PFF"
2022,Feleipe Franks,ATL TE,positive,“transition to tight end has been most impressive”,"One riser, one faller from each NFL team during 2022 training camp · PFF"
2022,Darrell Henderson,LAR RB,negative,“outplayed by Cam Akers”,"One riser, one faller from each NFL team during 2022 training camp · PFF"
2022,Anthony Schwartz,CLE WR,negative,“hasn't set himself apart in practice”,"One riser, one faller from each NFL team during 2022 training camp · PFF"
2022,Darius Slayton,NYG WR,negative,“fallen behind Kenny Golladay”,"One riser, one faller from each NFL team during 2022 training camp · PFF"
2022,D'Onta Foreman,CAR RB,negative,“hasn't earned many opportunities”,"One riser, one faller from each NFL team during 2022 training camp · PFF"
2022,Greg Dulcich,DEN TE,negative,“gotten out to a slow start”,"One riser, one faller from each NFL team during 2022 training camp · PFF"
2022,Laviska Shenault Jr.,JAX WR,negative,“fighting for snaps”,"One riser, one faller from each NFL team during 2022 training camp · PFF"
2022,Marquez Callaway,NO WR,negative,“only three catches in team drills”,"One riser, one faller from each NFL team during 2022 training camp · PFF"
2022,Devon Allen,PHI WR,negative,“shown rust in his return to football”,"One riser, one faller from each NFL team during 2022 training camp · PFF"
2022,O.J. Howard,BUF TE,negative,“likely won't put up big numbers”,"One riser, one faller from each NFL team during 2022 training camp · PFF"
2022,Romeo Doubs,GB WR,positive,“biggest riser in absolute draft position”,Fantasy Football: Biggest risers and fallers of NFL training camp in 2022 · PFF
2022,Michael Thomas,NO WR,positive,“biggest training-camp risers in earlier rounds”,Fantasy Football: Biggest risers and fallers of NFL training camp in 2022 · PFF
2022,Allen Robinson,LAR WR,positive,“biggest training-camp risers in earlier rounds”,Fantasy Football: Biggest risers and fallers of NFL training camp in 2022 · PFF
2022,Alvin Kamara,NO RB,positive,“clear training camp winner thus far”,Fantasy Football: Biggest risers and fallers of NFL training camp in 2022 · PFF
2022,Najee Harris,PIT RB,negative,“biggest faller in the first round”,Fantasy Football: Biggest risers and fallers of NFL training camp in 2022 · PFF
2022,Isiah Pacheco,KC RB,positive,“will start the preseason as the primary kickoff returner”,2022 NFL training camp fantasy football notes: Why did Josh Jacobs play in the Hall of Fame game? · Yahoo Sports
2022,Brandon Aiyuk,SF WR,positive,“has been outstanding in training camp”,2022 NFL training camp fantasy football notes: Why did Josh Jacobs play in the Hall of Fame game? · Yahoo Sports
2022,Elijah Moore,NYJ WR,positive,“seems to have firmly established himself”,2022 NFL training camp fantasy football notes: Why did Josh Jacobs play in the Hall of Fame game? · Yahoo Sports
2022,Kenny Pickett,PIT QB,negative,“taking third-team snaps and isn't playing at a level to push the Steelers”,2022 NFL training camp fantasy football notes: Why did Josh Jacobs play in the Hall of Fame game? · Yahoo Sports
2022,Josh Jacobs,LV RB,negative,“lack of investment and enthusiasm for Jacobs from this new staff”,2022 NFL training camp fantasy football notes: Why did Josh Jacobs play in the Hall of Fame game? · Yahoo Sports
2022,George Pickens,PIT WR,positive,“receiving rave reviews out of camp”,Fantasy Football: The top training camp storyline for every AFC team · PFF
2022,Treylon Burks,TEN WR,positive,“snapped back early in training camp”,Fantasy Football: The top training camp storyline for every AFC team · PFF
2022,Travis Etienne,JAX RB,positive,“significant camp buzz about his role”,Fantasy Football: The top training camp storyline for every AFC team · PFF
2022,Skyy Moore,KC WR,positive,“already turning heads early in camp”,Fantasy Football: The top training camp storyline for every AFC team · PFF
2022,Javonte Williams,DEN RB,positive,“led the way early in camp”,Fantasy Football: The top training camp storyline for every AFC team · PFF
2022,Kadarius Toney,NYG WR,positive,“working with first-string offense”,Fantasy Football: The top training camp storylines for every NFC team · PFF
2022,Romeo Doubs,GB WR,positive,“hauling in spectacular sideline catches...on a daily basis”,"2022 NFL training camp: Early standouts, rookies turning heads and updates on key position battles · NFL.com"
2022,Brandon Aiyuk,SF WR,positive,“sounds like the best player at 49ers camp”,"2022 NFL training camp: Early standouts, rookies turning heads and updates on key position battles · NFL.com"
2022,Isaiah McKenzie,BUF WR,positive,“could turn into a steal”,"2022 NFL training camp: Early standouts, rookies turning heads and updates on key position battles · NFL.com"
2022,Michael Thomas,NO WR,positive,“roasting Saints cornerbacks of late”,"2022 NFL training camp: Early standouts, rookies turning heads and updates on key position battles · NFL.com"
2022,Mac Jones,NE QB,negative,“out of sync and sometimes uncomfortable”,"2022 NFL training camp: Early standouts, rookies turning heads and updates on key position battles · NFL.com"
2022,Kellen Mond,MIN QB,negative,“not a lock to make the team”,"2022 NFL training camp: Early standouts, rookies turning heads and updates on key position battles · NFL.com"
2022,Jelani Woods,IND TE,negative,“struggling badly at camp”,"2022 NFL training camp: Early standouts, rookies turning heads and updates on key position battles · NFL.com"
2022,Darius Slayton,NYG WR,negative,“took third-team snaps”,"2022 NFL training camp: Early standouts, rookies turning heads and updates on key position battles · NFL.com"
2021,Zack Moss,BUF RB,positive,“running with the ones more often than Devin Singletary”,2021 Fantasy Football Stock Report: Training Camp · WalterFootball
2021,Trey Lance,SF QB,positive,“spectacular in 49ers' training camp”,2021 Fantasy Football Stock Report: Training Camp · WalterFootball
2021,Ty'Son Williams,BAL RB,positive,“named No. 2 RB”,2021 Fantasy Football Stock Report: Training Camp · WalterFootball
2021,Quez Watkins,PHI WR,positive,“favorite to be the Eagles' slot receiver”,2021 Fantasy Football Stock Report: Training Camp · WalterFootball
2021,Marquez Callaway,NO WR,positive,“top receiver in training camp”,2021 Fantasy Football Stock Report: Training Camp · WalterFootball
2021,Byron Pringle,KC WR,positive,“targeted Byron Pringle more than anyone else”,2021 Fantasy Football Stock Report: Training Camp · WalterFootball
2021,Laviska Shenault,JAX WR,positive,“coaches have been buzzing over Laviska Shenault”,2021 Fantasy Football Stock Report: Training Camp · WalterFootball
2021,Larry Rountree,LAC RB,positive,“Chargers really like sixth-round rookie”,2021 Fantasy Football Stock Report: Training Camp · WalterFootball
2021,Jake Funk,LAR RB,positive,“moved Jake Funk into my Fantasy Football Sleepers list”,2021 Fantasy Football Stock Report: Training Camp · WalterFootball
2021,Trey Sermon,SF RB,positive,“only running back standing in his way”,2021 Fantasy Football Stock Report: Training Camp · WalterFootball
2021,Cam Newton,NE QB,negative,“released in the wake of Mac Jones winning”,2021 Fantasy Football Stock Report: Training Camp · WalterFootball
2021,T.J. Hockenson,DET TE,positive,“Jared Goff's favorite weapon at training camp”,2021 Fantasy Football Stock Report: Training Camp · WalterFootball
2021,Cornell Powell,KC WR,positive,“a 'beast'”,2021 Fantasy Football Stock Report: Training Camp · WalterFootball
2021,Tee Higgins,CIN WR,positive,“cemented Higgins as Cincinnati's top target”,Fantasy Football Risers and Fallers · FullTime Fantasy
2021,Rhamondre Stevenson,NE RB,positive,“rumbled his way to fantasy significance”,Fantasy Football Risers and Fallers · FullTime Fantasy
2021,Gus Edwards,BAL RB,positive,“one of the hottest targets in all drafts”,Fantasy Football Risers and Fallers · FullTime Fantasy
2021,Adam Trautman,NO TE,negative,“plummeted off the board”,Fantasy Football Risers and Fallers · FullTime Fantasy
2021,Justin Fields,CHI QB,positive,“commanding 12th and 13th round attention”,Fantasy Football Risers and Fallers · FullTime Fantasy
2021,Phillip Lindsay,HOU RB,positive,“played eight first quarter snaps to Johnson's two”,2021 Fantasy Football preseason Believe It or Not: Phillip Lindsay and Malcolm Brown as lead backs · CBS Sports
2021,David Johnson,HOU RB,negative,“only played on third down”,2021 Fantasy Football preseason Believe It or Not: Phillip Lindsay and Malcolm Brown as lead backs · CBS Sports
2021,Myles Gaskin,MIA RB,negative,“Brown doubled Myles Gaskin in snaps with the starters”,2021 Fantasy Football preseason Believe It or Not: Phillip Lindsay and Malcolm Brown as lead backs · CBS Sports
2021,Antonio Gibson,WAS RB,negative,“McKissic played three third down snaps on the team's first two drives and Gibson played zero”,2021 Fantasy Football preseason Believe It or Not: Phillip Lindsay and Malcolm Brown as lead backs · CBS Sports
2021,Najee Harris,PIT RB,positive,“dominated the early snaps”,2021 Fantasy Football preseason Believe It or Not: Phillip Lindsay and Malcolm Brown as lead backs · CBS Sports
2021,Terrace Marshall Jr.,CAR WR,positive,"“Slot & RZ Monster, Being Force-Fed”","2021 NFL Training Camp Fantasy Football Risers & Fallers: Trey Lance, Justin Fields Ready for Stardom · Roto Street Journal"
2021,Darnell Mooney,CHI WR,positive,“on-fire with routes in camp”,"2021 NFL Training Camp Fantasy Football Risers & Fallers: Trey Lance, Justin Fields Ready for Stardom · Roto Street Journal"
2021,Denzel Mims,NYJ WR,negative,“Third-Stringer?”,"2021 NFL Training Camp Fantasy Football Risers & Fallers: Trey Lance, Justin Fields Ready for Stardom · Roto Street Journal"
2021,Cole Kmet,CHI TE,positive,“proving worthy of higher usage”,"2021 NFL Training Camp Fantasy Football Risers & Fallers: Trey Lance, Justin Fields Ready for Stardom · Roto Street Journal"
2021,Darren Waller,LV TE,negative,“misses 8 straight practices”,"2021 NFL Training Camp Fantasy Football Risers & Fallers: Trey Lance, Justin Fields Ready for Stardom · Roto Street Journal"
2021,Dyami Brown,WAS WR,positive,“opening eyes”,FBG Notes - Week 1 Training Camp Summary · Footballguys
2021,Ja'Marr Chase,CIN WR,negative,“struggling with drops when wide open”,FBG Notes - Week 1 Training Camp Summary · Footballguys
2021,Joe Burrow,CIN QB,negative,“has not regained full trust in knee”,FBG Notes - Week 1 Training Camp Summary · Footballguys
2021,Miles Sanders,PHI RB,negative,“continues to drop passes and fumble”,FBG Notes - Week 1 Training Camp Summary · Footballguys
2021,Javonte Williams,DEN RB,positive,“looks more ready than expected”,FBG Notes - Week 1 Training Camp Summary · Footballguys
2021,Devontae Booker,NYG RB,negative,“unimpressive so far”,FBG Notes - Week 1 Training Camp Summary · Footballguys
2021,Jalen Hurts,PHI QB,negative,“been erratic”,FBG Notes - Week 1 Training Camp Summary · Footballguys
2021,Kenny Golladay,NYG WR,negative,“out with hamstring injury”,FBG Notes - Week 1 Training Camp Summary · Footballguys
2021,Collin Johnson,JAX WR,positive,“outstanding camp”,FBG Notes - Week 1 Training Camp Summary · Footballguys
2021,Albert Wilson,MIA WR,positive,“one of the top offensive performers”,FBG Notes - Week 1 Training Camp Summary · Footballguys
2021,Jaelon Darden,TB WR,positive,“excelled against press coverage”,FBG Notes - Week 1 Training Camp Summary · Footballguys
2021,Noah Gray,KC TE,positive,“buzzing about two-TE packages”,FBG Notes - Week 1 Training Camp Summary · Footballguys
2021,A.J. Dillon,GB RB,positive,“getting every chance to replace”,FBG Notes - Week 1 Training Camp Summary · Footballguys
2021,Bryan Edwards,LV WR,positive,“generated positive buzz”,FBG Notes - Week 1 Training Camp Summary · Footballguys
2021,David Montgomery,CHI RB,negative,“had quiet week of practice”,FBG Notes - Week 1 Training Camp Summary · Footballguys
2021,Baker Mayfield,CLE QB,negative,“up and down in camp”,FBG Notes - Week 1 Training Camp Summary · Footballguys
2021,Ezekiel Elliott,DAL RB,positive,“looks wholly revamped”,FBG Notes - Week 1 Training Camp Summary · Footballguys
2021,Mike Evans,TB WR,positive,“best camp of his career”,FBG Notes - Week 1 Training Camp Summary · Footballguys
2021,Sam Ehlinger,IND QB,positive,“going through reads more quickly”,2021 NFL training camps: 21 things we learned after first 2 weeks · NFL.com
2021,Jacob Eason,IND QB,negative,“being outplayed by Ehlinger”,2021 NFL training camps: 21 things we learned after first 2 weeks · NFL.com
2021,Corey Clement,NYG RB,positive,“outplayed”,2021 NFL training camps: 21 things we learned after first 2 weeks · NFL.com
2021,Mohamed Sanu,SF WR,positive,“won No. 3 receiver job”,2021 NFL training camps: 21 things we learned after first 2 weeks · NFL.com
2021,Josh Rosen,SF QB,negative,“reached end of line”,2021 NFL training camps: 21 things we learned after first 2 weeks · NFL.com
2021,Rondale Moore,ARI WR,positive,“acted like he belongs here”,Biggest fantasy football takeaways for every team from 2021 NFL training camp · PFF
2021,Rashod Bateman,BAL WR,positive,“best offensive player in camp”,Biggest fantasy football takeaways for every team from 2021 NFL training camp · PFF
2021,Donovan Peoples-Jones,CLE WR,positive,“star potential”,Biggest fantasy football takeaways for every team from 2021 NFL training camp · PFF
2021,CeeDee Lamb,DAL WR,positive,“destroying training camp”,Biggest fantasy football takeaways for every team from 2021 NFL training camp · PFF
2021,Jerry Jeudy,DEN WR,positive,“tearing up camp”,Biggest fantasy football takeaways for every team from 2021 NFL training camp · PFF
2021,Amon-Ra St. Brown,DET WR,positive,“headed for a big role”,Biggest fantasy football takeaways for every team from 2021 NFL training camp · PFF
2021,Nico Collins,HOU WR,positive,“doesn't feel like a rookie”,Biggest fantasy football takeaways for every team from 2021 NFL training camp · PFF
2021,James Robinson,JAX RB,positive,“balling out”,Biggest fantasy football takeaways for every team from 2021 NFL training camp · PFF
2021,Travis Etienne,JAX RB,positive,“uncoverable”,Biggest fantasy football takeaways for every team from 2021 NFL training camp · PFF
2021,Mecole Hardman,KC WR,positive,“flashing”,Biggest fantasy football takeaways for every team from 2021 NFL training camp · PFF
2021,Xavier Jones,LAR RB,positive,“juke that drew crowd reaction”,Biggest fantasy football takeaways for every team from 2021 NFL training camp · PFF
2021,Irv Smith Jr.,MIN TE,positive,“dominating red-zone drills”,Biggest fantasy football takeaways for every team from 2021 NFL training camp · PFF
2021,Elijah Moore,NYJ WR,positive,“forced first-team reps”,Biggest fantasy football takeaways for every team from 2021 NFL training camp · PFF
2021,Michael Carter,NYJ RB,positive,“leg up on other RBs”,Biggest fantasy football takeaways for every team from 2021 NFL training camp · PFF
2021,Jalen Reagor,PHI WR,negative,“nearly invisible”,Biggest fantasy football takeaways for every team from 2021 NFL training camp · PFF
2021,Travis Fulgham,PHI WR,positive,“looks more like the 2020 standout”,Biggest fantasy football takeaways for every team from 2021 NFL training camp · PFF
2021,Rashaad Penny,SEA RB,positive,“best we've seen him”,Biggest fantasy football takeaways for every team from 2021 NFL training camp · PFF
2021,Anthony Firkser,TEN TE,positive,“legitimate TE1 upside”,Biggest fantasy football takeaways for every team from 2021 NFL training camp · PFF
2021,Dyami Brown,WAS WR,negative,“not flashed much”,Biggest fantasy football takeaways for every team from 2021 NFL training camp · PFF
2021,Saquon Barkley,NYG RB,negative,“sinking faster than a rock”,Biggest fantasy football takeaways for every team from 2021 NFL training camp · PFF
2021,Justin Jefferson,MIN WR,positive,“best player in camp”,Biggest fantasy football takeaways for every team from 2021 NFL training camp · PFF
2021,Jakobi Meyers,NE WR,positive,“caught Erickson's attention”,Biggest fantasy football takeaways for every team from 2021 NFL training camp · PFF
2021,Andy Isabella,ARI WR,negative,“failed to make much of an impact”,Fantasy Football Training Camp Battles: Wide Receivers & Tight Ends · Sports Illustrated
2021,Josh Palmer,LAC WR,positive,“real standout”,Fantasy Football Training Camp Battles: Wide Receivers & Tight Ends · Sports Illustrated
2021,Blake Jarwin,DAL TE,positive,“looks like the Cowboys' top tight end”,Fantasy Football Training Camp Battles: Wide Receivers & Tight Ends · Sports Illustrated
2021,Gerald Everett,SEA TE,positive,“breakout player”,Fantasy Football Training Camp Battles: Wide Receivers & Tight Ends · Sports Illustrated
2020,Scotty Miller,TB WR,positive,“trustworthy”,NFL training camp winners/losers: Philip Rivers-T.Y. Hilton bromance blooming; Le'Veon Bell-Jets divorce looming? · NFL.com
2020,Jordan Reed,SF TE,positive,“emerging as Jimmy Garoppolo's favorite target late in camp”,NFL training camp winners/losers: Philip Rivers-T.Y. Hilton bromance blooming; Le'Veon Bell-Jets divorce looming? · NFL.com
2020,Damien Harris,NE RB,positive,“strong chance to displace Sony Michel”,NFL training camp winners/losers: Philip Rivers-T.Y. Hilton bromance blooming; Le'Veon Bell-Jets divorce looming? · NFL.com
2020,Philip Rivers,IND QB,positive,“looked at home”,NFL training camp winners/losers: Philip Rivers-T.Y. Hilton bromance blooming; Le'Veon Bell-Jets divorce looming? · NFL.com
2020,T.Y. Hilton,IND WR,positive,“great feel for the game”,NFL training camp winners/losers: Philip Rivers-T.Y. Hilton bromance blooming; Le'Veon Bell-Jets divorce looming? · NFL.com
2020,Ryquell Armstead,JAX RB,positive,“will handle inside running duties”,NFL training camp winners/losers: Philip Rivers-T.Y. Hilton bromance blooming; Le'Veon Bell-Jets divorce looming? · NFL.com
2020,Le'Veon Bell,NYJ RB,negative,“hasn't looked particularly good”,NFL training camp winners/losers: Philip Rivers-T.Y. Hilton bromance blooming; Le'Veon Bell-Jets divorce looming? · NFL.com
2020,Daniel Jones,NYG QB,positive,“he has all the tools you're looking for... the thing that really jumps out is the approach”,Fantasy Football 2020: Training Camp Standouts to Target in Drafts · Bleacher Report
2020,Van Jefferson,LAR WR,positive,“he's really picking things up fast”,Fantasy Football 2020: Training Camp Standouts to Target in Drafts · Bleacher Report
2020,Odell Beckham Jr.,CLE WR,positive,“healthy and back to the Odell Beckham everyone remembers: electric”,Fantasy Football 2020: Training Camp Standouts to Target in Drafts · Bleacher Report
2020,Baker Mayfield,CLE QB,positive,"“operating with great feet, great tempo... very impressed with how quickly he's picked it up”",Fantasy Football 2020: Training Camp Standouts to Target in Drafts · Bleacher Report
2020,Bryan Edwards,LV WR,positive,“Edwards has been my most impressive rookie so far”,Fantasy Football 2020: Training Camp Standouts to Target in Drafts · Bleacher Report
2020,Clyde Edwards-Helaire,KC RB,positive,"“he'll be a stud, prime candidate for Offensive Rookie of the Year... confident runner”",Fantasy Football 2020: Training Camp Standouts to Target in Drafts · Bleacher Report
2020,DeSean Jackson,PHI WR,positive,“the thing about DeSean is he makes it easy for me... creates separation”,Fantasy Football 2020: Training Camp Standouts to Target in Drafts · Bleacher Report
2020,Damien Harris,NE RB,positive,"“if the season were to start this week, there wouldn't be much doubt that Harris would be RB1”",Fantasy Football 2020: Training Camp Standouts to Target in Drafts · Bleacher Report
2020,Brandin Cooks,HOU WR,positive,“enough for me to be giddy about what he can do for this Texans squad this year”,Fantasy Football 2020: Training Camp Standouts to Target in Drafts · Bleacher Report
2020,Joe Burrow,CIN QB,positive,"“he really breathes life into this offense, into this team”",Fantasy Football 2020: Training Camp Standouts to Target in Drafts · Bleacher Report
2020,Chase Claypool,PIT WR,positive,“the rookie is making non-rookie-like plays... non-rookie-like routes and catches”,Fantasy Football 2020: Training Camp Standouts to Target in Drafts · Bleacher Report
2020,Jalen Reagor,PHI WR,negative,“undergoing an MRI on his shoulder after injuring it during practice”,Fantasy Football's BIG Sleeper List for 2020 Drafts · Sports Illustrated
2020,N'Keal Harry,NE WR,negative,“hasn't been particularly impressive”,2020 Vantage Points · Fantasy Points
2020,John Hightower,PHI WR,positive,“nothing short of impressive through early padded practices”,2020 Fantasy Football Training Camp Rundown: Wide receivers · The Huddle
2020,Brandon Aiyuk,SF WR,positive,“speed for days”,2020 Fantasy Football Training Camp Rundown: Wide receivers · The Huddle
2020,Kendrick Bourne,SF WR,positive,“balled out a time or two”,2020 Fantasy Football Training Camp Rundown: Wide receivers · The Huddle
2020,Dante Pettis,SF WR,negative,“regressed in a major way”,2020 Fantasy Football Training Camp Rundown: Wide receivers · The Huddle
2020,Andy Isabella,ARI WR,positive,“he's just more confident and he's playing more loosely”,2020 Vantage Points · Fantasy Points
2020,Chase Edmonds,ARI RB,positive,“a starting running back in this league”,2020 Vantage Points · Fantasy Points
2020,J.K. Dobbins,BAL RB,positive,“the real deal so far”,2020 Vantage Points · Fantasy Points
2020,Marquise Brown,BAL WR,positive,“connecting with deep ball”,2020 Vantage Points · Fantasy Points
2020,Devin Duvernay,BAL WR,positive,“beat veteran CB Marcus Peters for big plays”,2020 Vantage Points · Fantasy Points
2020,Zack Moss,BUF RB,positive,“getting a lot of work with first team”,2020 Vantage Points · Fantasy Points
2020,Gabriel Davis,BUF WR,positive,“X receiver of future”,2020 Vantage Points · Fantasy Points
2020,Dawson Knox,BUF TE,positive,“going to have a big role this year”,2020 Vantage Points · Fantasy Points
2020,Darnell Mooney,CHI WR,positive,“really like the speedy receiver”,2020 Vantage Points · Fantasy Points
2020,Kareem Hunt,CLE RB,positive,“absolutely loves Hunt”,2020 Vantage Points · Fantasy Points
2020,CeeDee Lamb,DAL WR,positive,“living up to lofty expectations”,2020 Vantage Points · Fantasy Points
2020,Michael Gallup,DAL WR,positive,"“#1 wide receiver, in my view”",2020 Vantage Points · Fantasy Points
2020,Jerry Jeudy,DEN WR,positive,“gets in and out of breaks better than anyone”,2020 Vantage Points · Fantasy Points
2020,Courtland Sutton,DEN WR,positive,“been outstanding in camp”,2020 Vantage Points · Fantasy Points
2020,D'Andre Swift,DET RB,positive,“constantly cooking linebackers in drills”,2020 Vantage Points · Fantasy Points
2020,AJ Dillon,GB RB,positive,“absolute unit”,2020 Vantage Points · Fantasy Points
2020,Marquez Valdes-Scantling,GB WR,positive,“impressing so far”,2020 Vantage Points · Fantasy Points
2020,Jordan Akins,HOU TE,positive,“has been impressive”,2020 Vantage Points · Fantasy Points
2020,Michael Pittman,IND WR,positive,“don't look like rookies”,2020 Vantage Points · Fantasy Points
2020,Parris Campbell,IND WR,positive,“isn't thinking as much... smoother game”,2020 Vantage Points · Fantasy Points
2020,DJ Chark,JAX WR,positive,“off to excellent start”,2020 Vantage Points · Fantasy Points
2020,Joshua Kelley,LAC RB,positive,“a mean runner”,2020 Vantage Points · Fantasy Points
2020,Cam Akers,LAR RB,positive,“can really run any scheme”,2020 Vantage Points · Fantasy Points
2020,Tua Tagovailoa,MIA QB,positive,“looked healthy in camp”,2020 Vantage Points · Fantasy Points
2020,Justin Jefferson,MIN WR,positive,“looking good getting off press”,2020 Vantage Points · Fantasy Points
2020,Irv Smith Jr.,MIN TE,positive,“sharp with routes”,2020 Vantage Points · Fantasy Points
2020,Chad Beebe,MIN WR,positive,“looking the best of the backups”,2020 Vantage Points · Fantasy Points
2020,Mohamed Sanu,NE WR,positive,“putting on clinic with route running”,2020 Vantage Points · Fantasy Points
2020,Ty Montgomery,NO RB,positive,“glowing report”,2020 Vantage Points · Fantasy Points
2020,Breshad Perriman,NYJ WR,positive,“70-yard score on slant”,2020 Vantage Points · Fantasy Points
2020,Eric Ebron,PIT TE,positive,“making splash plays in camp”,2020 Vantage Points · Fantasy Points
2020,Dante Pettis,SF WR,positive,“impressed multiple beat writers”,2020 Vantage Points · Fantasy Points
2020,DeeJay Dallas,SEA RB,positive,“made really good impression”,2020 Vantage Points · Fantasy Points
2020,LeSean McCoy,TB RB,positive,“looked sharp”,2020 Vantage Points · Fantasy Points
2020,Tom Brady,TB QB,positive,“throwing 60-yard dimes”,2020 Vantage Points · Fantasy Points
2020,Ke'Shawn Vaughn,TB RB,negative,“looked very average”,2020 Vantage Points · Fantasy Points
2020,Darrynton Evans,TEN RB,negative,“fumbling problems... won't be handed the role”,2020 Vantage Points · Fantasy Points
2020,Scotty Miller,TB WR,positive,“most hyped... so far”,2020 Vantage Points · Fantasy Points
2020,Chris Herndon,NYJ TE,positive,“Chris gives us a lot of flexibility... rare to have a guy with the ability to be as effective as a pass-catcher”,"Fantasy Football 2020: Stock Up, Stock Down After NFL's Latest Developments · Bleacher Report"
2020,KJ Hamler,DEN WR,positive,“can make a big-time impact for Denver early in the season”,"Fantasy Football 2020: Stock Up, Stock Down After NFL's Latest Developments · Bleacher Report"
2020,Justin Watson,TB WR,positive,“shed some pounds and looks faster”,"Fantasy Football 2020: Stock Up, Stock Down After NFL's Latest Developments · Bleacher Report"
2020,Le'Veon Bell,NYJ RB,positive,“extremely motivated... phenomenal shape”,"Fantasy Football 2020: Stock Up, Stock Down After NFL's Latest Developments · Bleacher Report"
2020,Tyrell Williams,LV WR,negative,“might not be the featured receiver on offense”,"Fantasy Football 2020: Stock Up, Stock Down After NFL's Latest Developments · Bleacher Report"
2020,Sony Michel,NE RB,negative,“it's still no sure thing”,"Fantasy Football 2020: Stock Up, Stock Down After NFL's Latest Developments · Bleacher Report"
2020,Henry Ruggs III,LV WR,positive,“glowing practice reports”,"2020 NFL training camp's early winners and losers: Raiders rookies shining bright, A.J. Green can't get right · NFL.com"
2020,Cam Newton,NE QB,positive,“improvements... are sometimes (equivalent to) what you could see... on a monthly basis”,"2020 NFL training camp's early winners and losers: Raiders rookies shining bright, A.J. Green can't get right · NFL.com"
2020,Jameis Winston,NO QB,positive,“had splash days”,"2020 NFL training camp's early winners and losers: Raiders rookies shining bright, A.J. Green can't get right · NFL.com"
2020,Darrel Williams,KC RB,positive,“worthy late-round target in fantasy leagues”,"2020 NFL training camp's early winners and losers: Raiders rookies shining bright, A.J. Green can't get right · NFL.com"
2020,Brian Hill,ATL RB,positive,“may have more ability to make defenders miss than Gurley”,"2020 NFL training camp's early winners and losers: Raiders rookies shining bright, A.J. Green can't get right · NFL.com"
2020,Frank Gore,NYJ RB,positive,“most impressive running back at Jets camp... I don't think it's really close”,"2020 NFL training camp's early winners and losers: Raiders rookies shining bright, A.J. Green can't get right · NFL.com"
2020,Tim Boyle,GB QB,positive,“impressed nearly everyone”,"2020 NFL training camp's early winners and losers: Raiders rookies shining bright, A.J. Green can't get right · NFL.com"
2020,Jarrett Stidham,NE QB,negative,“struggling with a hip injury”,"2020 NFL training camp's early winners and losers: Raiders rookies shining bright, A.J. Green can't get right · NFL.com"
2020,A.J. Green,CIN WR,negative,“out for virtually all of camp with a hamstring injury”,"2020 NFL training camp's early winners and losers: Raiders rookies shining bright, A.J. Green can't get right · NFL.com"
2020,Marcus Mariota,LV QB,negative,“sluggish”,"2020 NFL training camp's early winners and losers: Raiders rookies shining bright, A.J. Green can't get right · NFL.com"
2020,Jordan Love,GB QB,negative,“not the second-best quarterback”,"2020 NFL training camp's early winners and losers: Raiders rookies shining bright, A.J. Green can't get right · NFL.com"
2020,Antonio Gibson,WAS RB,positive,“slightly more carries”,2020 Fantasy Football Stock Report: Training Camp · WalterFootball
2020,Bryce Love,WAS RB,positive,“favorite to start”,2020 Fantasy Football Stock Report: Training Camp · WalterFootball
2020,Darrynton Evans,TEN RB,positive,“locked into the No. 2 role”,2020 Fantasy Football Stock Report: Training Camp · WalterFootball
2020,Benny Snell,PIT RB,positive,“sealed up the No. 2 running back job”,2020 Fantasy Football Stock Report: Training Camp · WalterFootball
2020,Auden Tate,CIN WR,positive,“MVP in Bengals' training camp”,2020 Fantasy Football Stock Report: Training Camp · WalterFootball
2020,Preston Williams,MIA WR,positive,“impressive in training camp”,2020 Fantasy Football Stock Report: Training Camp · WalterFootball
2020,Devin Asiasi,NE TE,positive,“impressed with his blocking”,2020 Fantasy Football Stock Report: Training Camp · WalterFootball
2020,John Hightower,PHI WR,positive,“enjoyed an amazing training camp”,2020 Fantasy Football Stock Report: Training Camp · WalterFootball
2020,Allen Lazard,GB WR,positive,“overwhelming favorite”,2020 Fantasy Football Stock Report: Training Camp · WalterFootball
2020,Laviska Shenault,JAX WR,positive,“called him a freak”,2020 Fantasy Football Stock Report: Training Camp · WalterFootball
2020,Steven Sims,WAS WR,positive,“running as a starter receiver”,2020 Fantasy Football Stock Report: Training Camp · WalterFootball
2020,Olabisi Johnson,MIN WR,positive,“running as the No. 2 receiver”,2020 Fantasy Football Stock Report: Training Camp · WalterFootball
2020,Phillip Lindsay,DEN RB,positive,“catching everything in training camp”,2020 Fantasy Football Stock Report: Training Camp · WalterFootball
2020,Henry Ruggs III,LV WR,negative,“not getting first-team reps”,2020 Fantasy Football Stock Report: Training Camp · WalterFootball
2020,Rob Gronkowski,TB TE,negative,“fewest snaps of three tight ends”,2020 Fantasy Football Stock Report: Training Camp · WalterFootball
2020,Tyler Boyd,CIN WR,positive,“Burrow loved targeting the slot”,2020 Fantasy Football Stock Report: Training Camp · WalterFootball
2020,Jonathan Taylor,IND RB,positive,“consistently getting to the second level”,NFL Hot or Not: Rookie running backs turning heads in camp · NFL.com
2020,Jalen Reagor,PHI WR,positive,“impressive... explosive”,NFL Hot or Not: Rookie running backs turning heads in camp · NFL.com
2020,Zack Moss,BUF RB,positive,“impact Moss can have this season has been undersold”,NFL Hot or Not: Rookie running backs turning heads in camp · NFL.com
2020,O.J. Howard,TB TE,positive,“Nobody can cover him”,NFL Hot or Not: Rookie running backs turning heads in camp · NFL.com
2020,Joe Burrow,CIN QB,positive,"“breathes life into this offense, into this team”",NFL Hot or Not: Rookie running backs turning heads in camp · NFL.com
2019,Sam Darnold,NYJ QB,positive,“shown enough to be worthy of moving into the big cluster of QB2s”,"2019 Fantasy Football Draft Prep: Preseason risers and fallers with Ty Montgomery and Jamison Crowder up, Carlos Hyde down · CBS Sports"
2019,Tevin Coleman,SF RB,positive,“Kyle Shanahan's running backs produce”,"2019 Fantasy Football Draft Prep: Preseason risers and fallers with Ty Montgomery and Jamison Crowder up, Carlos Hyde down · CBS Sports"
2019,Ty Montgomery,NYJ RB,positive,“commanded the type of receiving work that unlocks Fantasy upside”,"2019 Fantasy Football Draft Prep: Preseason risers and fallers with Ty Montgomery and Jamison Crowder up, Carlos Hyde down · CBS Sports"
2019,Jamison Crowder,NYJ WR,positive,“worthwhile PPR bet as a potential fifth-year NFL breakout”,"2019 Fantasy Football Draft Prep: Preseason risers and fallers with Ty Montgomery and Jamison Crowder up, Carlos Hyde down · CBS Sports"
2019,O.J. Howard,TB TE,positive,"“exceptionally likely he will be, and perhaps already is, an elite tight end”","2019 Fantasy Football Draft Prep: Preseason risers and fallers with Ty Montgomery and Jamison Crowder up, Carlos Hyde down · CBS Sports"
2019,Carlos Hyde,KC RB,negative,“not fitting what the Chiefs want to do offensively”,"2019 Fantasy Football Draft Prep: Preseason risers and fallers with Ty Montgomery and Jamison Crowder up, Carlos Hyde down · CBS Sports"
2019,LeSean McCoy,BUF RB,negative,“very little upside with a McCoy pick at any point in the draft”,"2019 Fantasy Football Draft Prep: Preseason risers and fallers with Ty Montgomery and Jamison Crowder up, Carlos Hyde down · CBS Sports"
2019,Dante Pettis,SF WR,negative,“isn't seeing legitimate No. 1 usage in the preseason”,"2019 Fantasy Football Draft Prep: Preseason risers and fallers with Ty Montgomery and Jamison Crowder up, Carlos Hyde down · CBS Sports"
2019,Donte Moncrief,PIT WR,negative,"“has gone over 80 receiving yards just six times in his career, in 72 games played”","2019 Fantasy Football Draft Prep: Preseason risers and fallers with Ty Montgomery and Jamison Crowder up, Carlos Hyde down · CBS Sports"
2019,Mark Andrews,BAL TE,negative,"“rotated heavily, leaving Andrews with insufficient playing time”","2019 Fantasy Football Draft Prep: Preseason risers and fallers with Ty Montgomery and Jamison Crowder up, Carlos Hyde down · CBS Sports"
2019,Rashaad Penny,SEA RB,negative,“clearly behind Chris Carson”,2019 Fantasy Football: Preseason Fantasy Stock - Week 2 · WalterFootball
2019,Darwin Thompson,KC RB,positive,“best running back on Kansas City's roster”,2019 Fantasy Football: Preseason Fantasy Stock - Week 2 · WalterFootball
2019,James Washington,PIT WR,positive,“my favorite sleeper receiver”,2019 Fantasy Football: Preseason Fantasy Stock - Week 2 · WalterFootball
2019,Deon Cain,IND WR,positive,“fine late-round flier”,2019 Fantasy Football: Preseason Fantasy Stock - Week 2 · WalterFootball
2019,Justice Hill,BAL RB,positive,“trouble keeping him off the field”,2019 Fantasy Football: Preseason Fantasy Stock - Week 2 · WalterFootball
2019,Miles Sanders,PHI RB,positive,“started ahead of Jordan Howard”,2019 Fantasy Football: Preseason Fantasy Stock - Week 2 · WalterFootball
2019,Josh Allen,BUF QB,positive,“far more accurate than he was last year”,2019 Fantasy Football: Preseason Fantasy Stock - Week 2 · WalterFootball
2019,Tyler Lockett,SEA WR,positive,“emerged as a well-rounded receiver”,2019 Fantasy Football: Preseason Fantasy Stock - Week 2 · WalterFootball
2019,Emmanuel Sanders,DEN WR,positive,“looked perfectly healthy”,2019 Fantasy Football: Preseason Fantasy Stock - Week 2 · WalterFootball
2019,Jimmy Garoppolo,SF QB,negative,“rough night at Denver”,2019 Fantasy Football: Preseason Fantasy Stock - Week 2 · WalterFootball
2019,Kyler Murray,ARI QB,negative,“far worse in this game”,2019 Fantasy Football: Preseason Fantasy Stock - Week 2 · WalterFootball
2019,John Brown,BUF WR,positive,“drawn consistent praise in camp”,Fantasy football risers and fallers: Aug. 6-12 · The Huddle
2019,Jordan Reed,WAS TE,positive,“looks like the same player fantasy owners fell in love with”,Fantasy football risers and fallers: Aug. 6-12 · The Huddle
2019,Austin Ekeler,LAC RB,positive,“continues to rise”,Fantasy football risers and fallers: Aug. 6-12 · The Huddle
2019,Ito Smith,ATL RB,negative,“trending the wrong direction”,Fantasy football risers and fallers: Aug. 6-12 · The Huddle
2019,Robert Foster,BUF WR,negative,“has not taken the leap expected”,Fantasy football risers and fallers: Aug. 6-12 · The Huddle
2019,Kenyan Drake,MIA RB,negative,“will share touches with Ballage”,Fantasy football risers and fallers: Aug. 6-12 · The Huddle
2019,Jerick McKinnon,SF RB,negative,“suffered a setback in return”,Fantasy football risers and fallers: Aug. 6-12 · The Huddle
2019,Dallas Goedert,PHI TE,negative,“calf strain will cost him preseason”,Fantasy football risers and fallers: Aug. 6-12 · The Huddle
2019,Trey Burton,CHI TE,negative,“remains on the mend from surgery”,Fantasy football risers and fallers: Aug. 6-12 · The Huddle
2019,Michael Gallup,DAL WR,positive,“He's a beast”,2019 Fantasy Football Draft Prep: Wide receiver training camp standouts for every NFC team · CBS Sports
2019,Terry McLaurin,WAS WR,positive,“Jay Gruden gushing about”,2019 Fantasy Football Draft Prep: Wide receiver training camp standouts for every NFC team · CBS Sports
2019,DeSean Jackson,PHI WR,positive,“continued to make big plays”,2019 Fantasy Football Draft Prep: Wide receiver training camp standouts for every NFC team · CBS Sports
2019,Russell Shepard,NYG WR,positive,“earned some praise for performance”,2019 Fantasy Football Draft Prep: Wide receiver training camp standouts for every NFC team · CBS Sports
2019,Javon Wims,CHI WR,positive,“strong camp he is having”,2019 Fantasy Football Draft Prep: Wide receiver training camp standouts for every NFC team · CBS Sports
2019,Chad Beebe,MIN WR,positive,“coaching staff excited about potential”,2019 Fantasy Football Draft Prep: Wide receiver training camp standouts for every NFC team · CBS Sports
2019,Marquez Valdes-Scantling,GB WR,positive,“totally changed”,2019 Fantasy Football Draft Prep: Wide receiver training camp standouts for every NFC team · CBS Sports
2019,Kenny Golladay,DET WR,positive,“big plays in joint practice”,2019 Fantasy Football Draft Prep: Wide receiver training camp standouts for every NFC team · CBS Sports
2019,Emmanuel Butler,NO WR,positive,“sleeper in Saints offense”,2019 Fantasy Football Draft Prep: Wide receiver training camp standouts for every NFC team · CBS Sports
2019,Curtis Samuel,CAR WR,positive,“drawn rave reviews”,2019 Fantasy Football Draft Prep: Wide receiver training camp standouts for every NFC team · CBS Sports
2019,Chris Godwin,TB WR,positive,“red-zone work drawn praise”,2019 Fantasy Football Draft Prep: Wide receiver training camp standouts for every NFC team · CBS Sports
2019,Calvin Ridley,ATL WR,positive,“improved hands”,2019 Fantasy Football Draft Prep: Wide receiver training camp standouts for every NFC team · CBS Sports
2019,Jakobi Meyers,NE WR,positive,“one of Brady's favorite targets so far”,2019 Fantasy Football Draft Prep: Wide receiver training camp standouts for every AFC team · CBS Sports
2019,Preston Williams,MIA WR,positive,"“He's special, man. He's going to be a No.1 receiver one day”",2019 Fantasy Football Draft Prep: Wide receiver training camp standouts for every AFC team · CBS Sports
2019,Robby Anderson,NYJ WR,positive,“more than just a deep threat”,2019 Fantasy Football Draft Prep: Wide receiver training camp standouts for every AFC team · CBS Sports
2019,Miles Boykin,BAL WR,positive,“playing himself into a prominent role on offense”,2019 Fantasy Football Draft Prep: Wide receiver training camp standouts for every AFC team · CBS Sports
2019,Auden Tate,CIN WR,positive,“praised for his ability to make big plays”,2019 Fantasy Football Draft Prep: Wide receiver training camp standouts for every AFC team · CBS Sports
2019,Will Fuller,HOU WR,positive,“doesn't seem to have lost the speed that made him such a dangerous weapon”,2019 Fantasy Football Draft Prep: Wide receiver training camp standouts for every AFC team · CBS Sports
2019,Parris Campbell,IND WR,positive,"“legit, NFL, I'm-gonna-be-a-stud receiver plays”",2019 Fantasy Football Draft Prep: Wide receiver training camp standouts for every AFC team · CBS Sports
2019,Corey Davis,TEN WR,positive,“improvement in going after 50-50 balls”,2019 Fantasy Football Draft Prep: Wide receiver training camp standouts for every AFC team · CBS Sports
2019,D.J. Chark,JAX WR,positive,“dominated in red-zone drills recently”,2019 Fantasy Football Draft Prep: Wide receiver training camp standouts for every AFC team · CBS Sports
2019,Mecole Hardman,KC WR,positive,“made plenty of big plays”,2019 Fantasy Football Draft Prep: Wide receiver training camp standouts for every AFC team · CBS Sports
2019,Courtland Sutton,DEN WR,positive,“connected with Joe Flacco for a few deep balls”,2019 Fantasy Football Draft Prep: Wide receiver training camp standouts for every AFC team · CBS Sports
2019,Tyrell Williams,OAK WR,positive,"“bright spot for the Raiders, notably making several plays on deep balls”",2019 Fantasy Football Draft Prep: Wide receiver training camp standouts for every AFC team · CBS Sports
2019,Kalen Ballage,MIA RB,positive,“earned a share of the primary workload”,Fantasy football risers and fallers: July 29-Aug. 4 · The Huddle
2019,Tony Pollard,DAL RB,positive,“benefits (temporarily?) from Zeke's absence”,Fantasy football risers and fallers: July 29-Aug. 4 · The Huddle
2019,C.J. Anderson,DET RB,positive,“Theo Riddick's release opens the door”,Fantasy football risers and fallers: July 29-Aug. 4 · The Huddle
2019,Hakeem Butler,ARI WR,positive,“stood out in camp”,Fantasy football risers and fallers: July 29-Aug. 4 · The Huddle
2019,Devin Singletary,BUF RB,positive,“earned some first-team reps”,Fantasy football risers and fallers: July 29-Aug. 4 · The Huddle
2019,J.J. Arcega-Whiteside,PHI WR,positive,“impressed in the red zone”,Fantasy football risers and fallers: July 29-Aug. 4 · The Huddle
2019,Irv Smith Jr.,MIN TE,positive,“picking up the offense well”,Fantasy football risers and fallers: July 29-Aug. 4 · The Huddle
2019,Donte Moncrief,PIT WR,positive,“opened camp as a starter”,Fantasy football risers and fallers: July 29-Aug. 4 · The Huddle
2019,Andrew Luck,IND QB,negative,“calf strain lingering into training camp”,Fantasy football risers and fallers: July 29-Aug. 4 · The Huddle
2019,Melvin Gordon,LAC RB,negative,“holding out”,Fantasy football risers and fallers: July 29-Aug. 4 · The Huddle
2019,A.J. Green,CIN WR,negative,“set to miss games”,Fantasy football risers and fallers: July 29-Aug. 4 · The Huddle
2019,KeeSean Johnson,ARI WR,positive,“only rookie already seeing some first-team reps”,NFL training camp winners/losers: Seven rookies creating a buzz · NFL.com
2019,Trey Quinn,WAS WR,positive,“had the slot receiver job locked down”,NFL training camp winners/losers: Seven rookies creating a buzz · NFL.com
2019,Maurice Harris,NE WR,positive,“best receiver in New England's camp by a good margin”,NFL training camp winners/losers: Seven rookies creating a buzz · NFL.com
2019,Kerryon Johnson,DET RB,positive,“best three-down bargain”,NFL training camp winners/losers: Seven rookies creating a buzz · NFL.com
2019,D.K. Metcalf,SEA WR,positive,“in two-receiver sets alongside Tyler Lockett”,NFL training camp winners/losers: Seven rookies creating a buzz · NFL.com
2019,Darren Waller,OAK TE,positive,“been their best offensive player”,2019 Fantasy Football Stock Report: Training Camp · WalterFootball
2019,Darwin Thompson,KC RB,positive,“leapt Carlos Hyde on depth chart”,2019 Fantasy Football Stock Report: Training Camp · WalterFootball
2019,Matt Breida,SF RB,positive,“listed ahead of Tevin Coleman on depth chart”,2019 Fantasy Football Stock Report: Training Camp · WalterFootball
2019,Dare Ogunbowale,TB RB,positive,“expected to be Tampa's third-down back”,2019 Fantasy Football Stock Report: Training Camp · WalterFootball
2019,Damion Willis,CIN WR,positive,“will start across from Tyler Boyd”,2019 Fantasy Football Stock Report: Training Camp · WalterFootball
2019,Chris Carson,SEA RB,positive,“best running back for the Seahawks”,2019 Fantasy Football Stock Report: Training Camp · WalterFootball
2019,Ronald Jones,TB RB,positive,“showing out in practices”,2019 Fantasy Football Stock Report: Training Camp · WalterFootball
2019,Trent Taylor,SF WR,positive,“favorite to be starting slot receiver”,2019 Fantasy Football Stock Report: Training Camp · WalterFootball
2019,Damien Harris,NE RB,positive,“natural on passing downs”,2019 Fantasy Football Stock Report: Training Camp · WalterFootball
2019,Royce Freeman,DEN RB,positive,“looked good as a receiver”,2019 Fantasy Football Stock Report: Training Camp · WalterFootball
2019,N'Keal Harry,NE WR,negative,“outplayed in practice by Jakobi Meyers”,2019 Fantasy Football Stock Report: Training Camp · WalterFootball
2019,Keke Coutee,HOU WR,negative,“no longer fantasy relevant”,2019 Fantasy Football Stock Report: Training Camp · WalterFootball
2019,Kenny Stills,HOU WR,negative,“will be No. 3 receiver”,2019 Fantasy Football Stock Report: Training Camp · WalterFootball
2019,Jalen Hurd,SF WR,negative,“may not be ready for Week 1”,2019 Fantasy Football Stock Report: Training Camp · WalterFootball
2019,Kyler Murray,ARI QB,positive,“I've never seen a quarterback come in so quickly and be able to command an offense”,10 players generating the most buzz at training camp so far · theScore
2019,Mark Andrews,BAL TE,positive,“most dangerous player at camp thus far”,10 players generating the most buzz at training camp so far · theScore
2018,John Ross,CIN WR,positive,“making a few splash-plays this preseason”,Preseason Dynasty Risers and Fallers (2018 Fantasy Football) · FantasyPros
2018,Phillip Dorsett,NE WR,positive,“one of the team's starting wide receivers going into Week 1”,Preseason Dynasty Risers and Fallers (2018 Fantasy Football) · FantasyPros
2018,Chris Warren,OAK RB,positive,“exceeded expectations during the preseason”,Preseason Dynasty Risers and Fallers (2018 Fantasy Football) · FantasyPros
2018,Peyton Barber,TB RB,positive,"“he's a talented runner, and he's good enough to earn a sizeable workload”",Preseason Dynasty Risers and Fallers (2018 Fantasy Football) · FantasyPros
2018,Rashaad Penny,SEA RB,negative,“struggling to gain traction with the first team offense”,Preseason Dynasty Risers and Fallers (2018 Fantasy Football) · FantasyPros
2018,Marquise Goodwin,SF WR,positive,“chemistry between Goodwin and QB Jimmy Garoppolo has been evident”,9 Preseason Risers and Fallers (2018 Fantasy Football) · FantasyPros
2018,Jeremy McNichols,SF RB,positive,“gone from being a fantasy non-factor to an intriguing handcuff”,9 Preseason Risers and Fallers (2018 Fantasy Football) · FantasyPros
2018,Jonathan Williams,NO RB,positive,“emerged as the clear Ingram replacement in September”,9 Preseason Risers and Fallers (2018 Fantasy Football) · FantasyPros
2018,Chris Hogan,NE WR,positive,“someone other than Rob Gronkowski needs to step up”,9 Preseason Risers and Fallers (2018 Fantasy Football) · FantasyPros
2018,Ronald Jones,TB RB,negative,“hasn't done himself any favors this offseason”,9 Preseason Risers and Fallers (2018 Fantasy Football) · FantasyPros
2018,Rashaad Penny,SEA RB,negative,"“weighs a husky 236 pounds, 16 pounds more than combine weight”",9 Preseason Risers and Fallers (2018 Fantasy Football) · FantasyPros
2018,DeVante Parker,MIA WR,negative,“has been sliding down rankings the longer he's out”,9 Preseason Risers and Fallers (2018 Fantasy Football) · FantasyPros
2018,Marlon Mack,IND RB,negative,“hamstring injuries have a nasty habit of lingering”,9 Preseason Risers and Fallers (2018 Fantasy Football) · FantasyPros
2018,James White,NE RB,positive,"“could easily outperform his current 10th-round ADP, which is sure to climb”",Fantasy Football 2018: Preseason Week 2 Recap · Sports Illustrated
2018,Chris Warren,OAK RB,positive,“could provide sneaky fantasy value if given significant snaps”,Fantasy Football 2018: Preseason Week 2 Recap · Sports Illustrated
2018,Calvin Ridley,ATL WR,positive,“looks like he belongs on an NFL field this season”,Fantasy Football 2018: Preseason Week 2 Recap · Sports Illustrated
2018,Mike Williams,LAC WR,positive,“is the real deal”,Fantasy Football 2018: Preseason Week 2 Recap · Sports Illustrated
2018,Taywan Taylor,TEN WR,positive,“about to shoot up draft boards”,Fantasy Football 2018: Preseason Week 2 Recap · Sports Illustrated
2018,Trey Burton,CHI TE,positive,“love what I see in Burton's potential volume”,Fantasy Football 2018: Preseason Week 2 Recap · Sports Illustrated
2018,Ian Thomas,CAR TE,positive,“could emerge as the next big thing in Carolina”,Fantasy Football 2018: Preseason Week 2 Recap · Sports Illustrated
2018,Patrick Mahomes,KC QB,positive,“showcased the ability to get the ball downfield with accuracy and strength”,Fantasy Football 2018: Preseason Week 2 Recap · Sports Illustrated
2018,Sam Darnold,NYJ QB,negative,“returned to earth this week”,Fantasy Football 2018: Preseason Week 2 Recap · Sports Illustrated
2018,Kerryon Johnson,DET RB,positive,“getting in work with the starters obviously bodes well”,"2018 Fantasy Football Draft Prep: Rookie running back stock watch highlights sleepers, busts · CBS Sports"
2018,Royce Freeman,DEN RB,positive,"“trending up all of training camp, and it wouldn't be a surprise at all if he was the starter”","2018 Fantasy Football Draft Prep: Rookie running back stock watch highlights sleepers, busts · CBS Sports"
2018,Jordan Wilkins,IND RB,positive,“it hasn't been much of a competition lately”,"2018 Fantasy Football Draft Prep: Rookie running back stock watch highlights sleepers, busts · CBS Sports"
2018,Ronald Jones,TB RB,negative,“failed to overtake Peyton Barber... largely ineffective in preseason work”,"2018 Fantasy Football Draft Prep: Rookie running back stock watch highlights sleepers, busts · CBS Sports"
2018,Rashaad Penny,SEA RB,negative,“will now have to overcome a couple of stumbling blocks to get onto the field in a significant role”,"2018 Fantasy Football Draft Prep: Rookie running back stock watch highlights sleepers, busts · CBS Sports"
2018,Sony Michel,NE RB,negative,“seemed to be behind in the hierarchy even before the injury”,"2018 Fantasy Football Draft Prep: Rookie running back stock watch highlights sleepers, busts · CBS Sports"
2018,Chris Carson,SEA RB,positive,“currently and solidly atop the Seahawks' depth chart”,Fantasy Football 2018: Breaking Down Training Camp (Roundtable) · Sports Illustrated
2018,Chris Godwin,TB WR,positive,“potentially leapfrogged Adam Humphries on the wideout depth chart”,Fantasy Football 2018: Breaking Down Training Camp (Roundtable) · Sports Illustrated
2018,Kerryon Johnson,DET RB,positive,“Kerryon Johnson is special”,Fantasy Football 2018: Breaking Down Training Camp (Roundtable) · Sports Illustrated
2018,Rashaad Penny,SEA RB,negative,“dicey to count on as fantasy RB2”,Fantasy Football 2018: Breaking Down Training Camp (Roundtable) · Sports Illustrated
2018,Chris Godwin,TB WR,positive,“Turning heads and building buzz at Bucs training camp”,8 Fantasy Football Risers & Fallers After Preseason Week 1 · 4for4
2018,Peyton Barber,TB RB,positive,“may just earn himself a spot as the starter”,8 Fantasy Football Risers & Fallers After Preseason Week 1 · 4for4
2018,Kerryon Johnson,DET RB,positive,"“great power and vision, rumbling through arm tackles”","2018 Fantasy Football Draft Prep: Kerryon Johnson, Andrew Luck headline preseason Week 1 reactions · CBS Sports"
2018,Royce Freeman,DEN RB,positive,“ran with more power and authority”,"2018 Fantasy Football Draft Prep: Kerryon Johnson, Andrew Luck headline preseason Week 1 reactions · CBS Sports"
2018,David Njoku,CLE TE,positive,“great straight-line speed”,"2018 Fantasy Football Draft Prep: Kerryon Johnson, Andrew Luck headline preseason Week 1 reactions · CBS Sports"
2018,Michael Gallup,DAL WR,positive,“only left the field for two snaps”,"2018 Fantasy Football Draft Prep: Kerryon Johnson, Andrew Luck headline preseason Week 1 reactions · CBS Sports"
2018,Kelvin Benjamin,BUF WR,positive,“get volume”,"2018 Fantasy Football Draft Prep: Kerryon Johnson, Andrew Luck headline preseason Week 1 reactions · CBS Sports"
2018,Lamar Miller,HOU RB,positive,“looked quicker than he did a year ago”,"2018 Fantasy Football Draft Prep: Kerryon Johnson, Andrew Luck headline preseason Week 1 reactions · CBS Sports"
2018,Marshawn Lynch,OAK RB,positive,“ran with the aggressive style we've come to love”,"2018 Fantasy Football Draft Prep: Kerryon Johnson, Andrew Luck headline preseason Week 1 reactions · CBS Sports"
2018,Patrick Mahomes,KC QB,negative,“very uncool under pressure”,"2018 Fantasy Football Draft Prep: Kerryon Johnson, Andrew Luck headline preseason Week 1 reactions · CBS Sports"
2018,Ronald Jones,TB RB,negative,“nauseating 9 yards on eight carries”,"2018 Fantasy Football Draft Prep: Kerryon Johnson, Andrew Luck headline preseason Week 1 reactions · CBS Sports"
2018,Rashaad Penny,SEA RB,negative,“didn't earn his worth”,"2018 Fantasy Football Draft Prep: Kerryon Johnson, Andrew Luck headline preseason Week 1 reactions · CBS Sports"
2018,Jerick McKinnon,SF RB,negative,“ugly stat line - minus-2 yards on three carries”,"2018 Fantasy Football Draft Prep: Kerryon Johnson, Andrew Luck headline preseason Week 1 reactions · CBS Sports"
2018,Anthony Miller,CHI WR,positive,“turned heads repeatedly at camp”,2018 NFL training camp: Early winners and losers across league · NFL.com
2018,John Brown,BAL WR,positive,“lighting up practices”,2018 NFL training camp: Early winners and losers across league · NFL.com
2018,Andrew Luck,IND QB,positive,“connecting on deep strikes again”,2018 NFL training camp: Early winners and losers across league · NFL.com
2018,Tavon Austin,DAL WR,positive,“lining up with first-team offense”,2018 NFL training camp: Early winners and losers across league · NFL.com
2018,Deon Cain,IND WR,positive,“showing early promise”,2018 NFL training camp: Early winners and losers across league · NFL.com
2018,Tre'Quan Smith,NO WR,positive,“building positive camp buzz”,2018 NFL training camp: Early winners and losers across league · NFL.com
2018,Chris Carson,SEA RB,positive,“starting running back building case”,2018 NFL training camp: Early winners and losers across league · NFL.com
2018,Taywan Taylor,TEN WR,positive,“receiver emerging as player to monitor”,2018 NFL training camp: Early winners and losers across league · NFL.com
2018,Mitchell Trubisky,CHI QB,negative,“heavy dose of interceptions”,2018 NFL training camp: Early winners and losers across league · NFL.com
2018,Jameis Winston,TB QB,negative,“benched for Ryan Fitzpatrick”,2018 NFL training camp: Early winners and losers across league · NFL.com
2018,Josh Allen,BUF QB,negative,“limited first-team reps”,2018 NFL training camp: Early winners and losers across league · NFL.com
2018,A.J. McCarron,BUF QB,negative,“Peterman picking up offense faster; unfavorable signal”,2018 NFL training camp: Early winners and losers across league · NFL.com
2018,Robert Griffin III,BAL QB,negative,“fighting for third-string”,2018 NFL training camp: Early winners and losers across league · NFL.com
2018,Samaje Perine,WAS RB,positive,“favorite for early-down work”,2018 Fantasy Football Stock Report: Training Camp · WalterFootball
2018,Geronimo Allison,GB WR,positive,“won No. 3 receiving job”,2018 Fantasy Football Stock Report: Training Camp · WalterFootball
2018,Christian Kirk,ARI WR,positive,“created separation at No. 2”,2018 Fantasy Football Stock Report: Training Camp · WalterFootball
2018,Jordan Wilkins,IND RB,positive,“getting first-team reps”,2018 Fantasy Football Stock Report: Training Camp · WalterFootball
2018,Tre McBride,NYJ WR,positive,“ahead of injured Enunwa”,2018 Fantasy Football Stock Report: Training Camp · WalterFootball
2018,Peyton Barber,TB RB,positive,“played like an every-down back”,2018 Fantasy Football Stock Report: Training Camp · WalterFootball
2018,Ben Watson,NO TE,positive,"“eye-popping, contested catches”",2018 Fantasy Football Stock Report: Training Camp · WalterFootball
2018,Dede Westbrook,JAX WR,positive,“praised for route-running”,2018 Fantasy Football Stock Report: Training Camp · WalterFootball
2018,Jake Kumerow,GB WR,positive,“practices like a pro”,2018 Fantasy Football Stock Report: Training Camp · WalterFootball
2018,Ryan Grant,IND WR,positive,“distanced himself from other receivers”,2018 Fantasy Football Stock Report: Training Camp · WalterFootball
2018,Derek Carr,OAK QB,positive,“in real command of offense”,2018 Fantasy Football Stock Report: Training Camp · WalterFootball
2018,Martavis Bryant,OAK WR,negative,“Gruden: play better”,2018 Fantasy Football Stock Report: Training Camp · WalterFootball
2018,Dak Prescott,DAL QB,negative,“issues getting ball downfield”,2018 Fantasy Football Stock Report: Training Camp · WalterFootball
2018,Eric Decker,NE WR,negative,“dropped passes in camp/preseason”,2018 Fantasy Football Stock Report: Training Camp · WalterFootball
2018,Mike Williams,LAC WR,positive,“has a big role in red zone”,2018 Fantasy Football Stock Report: Training Camp · WalterFootball
